original_row_id,text_chunk,Equipment_Type,column_chunked,Priority,Date_Reported,Status,source_file,Mission_Title,Reported_By,Recommendation_ID,chunk_id,chunk_index,System_Affected,Issue_ID,source_column
0,network operation cyber threat intel response intel network system response intel cyber system threat response incident incident operation network assessment response response intel response cyber,Server,Equipment Issues,,2025-12-04,Closed,Equipment_Issues.csv,Mission_1,User B,,70c91081-8676-4e6d-bf32-f5c5c3f7b579,1,,ISSUE001,Equipment Issues
0,response cyber operation intel threat intel assessment incident security intel intel network threat cyber assessment intel cyber network assessment intel response intel security assessment security,Server,Equipment Issues,,2025-12-04,Closed,Equipment_Issues.csv,Mission_1,User B,,4a78a3c8-8e4f-4079-8a93-5233eaf6657d,2,,ISSUE001,Equipment Issues
0,assessment security threat operation system incident operation threat threat threat intel intel threat assessment incident network threat threat network operation security operation threat assessment threat,Server,Equipment Issues,,2025-12-04,Closed,Equipment_Issues.csv,Mission_1,User B,,9034d668-3f20-416f-845b-460b61e2f81d,3,,ISSUE001,Equipment Issues
0,assessment threat intel operation incident assessment security operation system operation operation intel assessment security network system intel system incident security threat security operation cyber threat,Server,Equipment Issues,,2025-12-04,Closed,Equipment_Issues.csv,Mission_1,User B,,a6fa28de-5d5c-4b1f-96a2-e317c6e6c8a2,4,,ISSUE001,Equipment Issues
0,cyber threat assessment security cyber intel intel response,Server,Equipment Issues,,2025-12-04,Closed,Equipment_Issues.csv,Mission_1,User B,,e7c3d364-f327-466f-a3bb-66e4e32050c7,5,,ISSUE001,Equipment Issues
1,intel system cyber response intel cyber incident response cyber response intel cyber system system incident cyber intel assessment cyber system intel assessment security response assessment,Server,Equipment Issues,,2025-12-05,Open,Equipment_Issues.csv,Mission_2,User C,,64472ab9-6d40-4857-b890-c0116b071380,1,,ISSUE002,Equipment Issues
1,response assessment operation system security assessment intel security cyber incident assessment assessment threat response incident cyber operation operation incident response security cyber assessment network threat,Server,Equipment Issues,,2025-12-05,Open,Equipment_Issues.csv,Mission_2,User C,,a1544533-b72c-4e1e-adf2-87331c27565d,2,,ISSUE002,Equipment Issues
1,network threat security system response security response system cyber response assessment security intel operation response assessment security security system security assessment incident security threat incident,Server,Equipment Issues,,2025-12-05,Open,Equipment_Issues.csv,Mission_2,User C,,f5706e06-f828-4bd2-8ae4-6c4f558fab72,3,,ISSUE002,Equipment Issues
1,threat incident threat security system incident security cyber operation system assessment operation intel assessment response response cyber system intel system incident response operation assessment response,Server,Equipment Issues,,2025-12-05,Open,Equipment_Issues.csv,Mission_2,User C,,67a10fa7-d24d-4649-988d-4e5daca8df65,4,,ISSUE002,Equipment Issues
1,assessment response cyber cyber assessment response threat cyber,Server,Equipment Issues,,2025-12-05,Open,Equipment_Issues.csv,Mission_2,User C,,2ad76c0c-779b-4b10-a23a-8c467ed1b08d,5,,ISSUE002,Equipment Issues
2,system operation intel incident intel system system network incident response response network network response security operation response response security security response security cyber system network,Router,Equipment Issues,,2025-12-06,Closed,Equipment_Issues.csv,Mission_3,User C,,17682327-7b61-4bf7-8652-363a627cad42,1,,ISSUE003,Equipment Issues
2,system network security operation incident assessment threat cyber cyber response threat threat incident network assessment threat threat response cyber intel threat intel response security threat,Router,Equipment Issues,,2025-12-06,Closed,Equipment_Issues.csv,Mission_3,User C,,591d6348-48ea-4eba-a9af-72a38ba6f106,2,,ISSUE003,Equipment Issues
2,security threat security system threat response cyber response threat intel incident intel incident security security network incident incident threat assessment response cyber assessment security threat,Router,Equipment Issues,,2025-12-06,Closed,Equipment_Issues.csv,Mission_3,User C,,68ff89b4-5de1-4548-aee6-a3b4664c7b9f,3,,ISSUE003,Equipment Issues
2,security threat system assessment cyber intel security assessment system assessment operation response network response assessment system threat assessment response incident incident system system assessment system,Router,Equipment Issues,,2025-12-06,Closed,Equipment_Issues.csv,Mission_3,User C,,040d3fcd-7c87-469f-b2ff-97906803339f,4,,ISSUE003,Equipment Issues
2,assessment system threat threat operation security response incident,Router,Equipment Issues,,2025-12-06,Closed,Equipment_Issues.csv,Mission_3,User C,,4daa3303-4941-4d59-8ad2-a2e8b2c84cd6,5,,ISSUE003,Equipment Issues
3,incident system assessment intel security network response security incident assessment response intel threat cyber threat cyber security threat operation incident operation assessment network cyber network,Router,Equipment Issues,,2025-12-07,In Progress,Equipment_Issues.csv,Mission_4,User A,,bcf326fe-a878-43c9-b347-945a7203e649,1,,ISSUE004,Equipment Issues
3,cyber network intel intel cyber system threat assessment cyber network threat system cyber response threat incident cyber response network threat assessment security cyber response system,Router,Equipment Issues,,2025-12-07,In Progress,Equipment_Issues.csv,Mission_4,User A,,788e8b77-f7cd-43c0-8940-565c6a4261b3,2,,ISSUE004,Equipment Issues
3,response system threat assessment network intel intel cyber response cyber security operation operation threat network incident cyber operation incident assessment intel security response operation security,Router,Equipment Issues,,2025-12-07,In Progress,Equipment_Issues.csv,Mission_4,User A,,d71f8db2-4b82-412a-84cd-6e0b766251f4,3,,ISSUE004,Equipment Issues
3,operation security assessment cyber network incident network cyber incident intel intel intel threat response system operation threat incident operation operation response response response intel threat,Router,Equipment Issues,,2025-12-07,In Progress,Equipment_Issues.csv,Mission_4,User A,,99de7901-6be5-4657-b88b-6de454341404,4,,ISSUE004,Equipment Issues
3,intel threat network intel network incident security response,Router,Equipment Issues,,2025-12-07,In Progress,Equipment_Issues.csv,Mission_4,User A,,ac37a15c-deb2-41d6-8787-ffb91e61d249,5,,ISSUE004,Equipment Issues
4,security response operation incident operation incident system assessment intel assessment operation operation network network assessment network threat incident security system response assessment incident network system,Switch,Equipment Issues,,2025-12-08,In Progress,Equipment_Issues.csv,Mission_5,User A,,98efd04b-204c-413b-9b00-bea73c2c8d77,1,,ISSUE005,Equipment Issues
4,network system threat network security threat intel incident intel incident cyber operation assessment operation response operation intel assessment threat incident operation network intel intel incident,Switch,Equipment Issues,,2025-12-08,In Progress,Equipment_Issues.csv,Mission_5,User A,,2fc924b1-b5b1-4ebd-913a-91cca5424723,2,,ISSUE005,Equipment Issues
4,intel incident intel intel threat threat security assessment assessment assessment cyber security operation response intel incident intel cyber network intel intel assessment network threat network,Switch,Equipment Issues,,2025-12-08,In Progress,Equipment_Issues.csv,Mission_5,User A,,45d6e340-3de0-4edd-82d9-ff4de4c3a778,3,,ISSUE005,Equipment Issues
4,threat network operation threat incident threat threat incident intel response system system response operation incident network intel assessment network network network response operation network cyber,Switch,Equipment Issues,,2025-12-08,In Progress,Equipment_Issues.csv,Mission_5,User A,,0f7db1de-871a-48a9-93c3-a3359401c353,4,,ISSUE005,Equipment Issues
4,network cyber incident system network operation operation intel,Switch,Equipment Issues,,2025-12-08,In Progress,Equipment_Issues.csv,Mission_5,User A,,53f1370b-0dd1-4c76-be6e-fa8898ff7621,5,,ISSUE005,Equipment Issues
5,cyber threat network intel assessment security cyber network cyber system cyber cyber assessment network network security assessment operation security incident network security network incident operation,Server,Equipment Issues,,2025-12-09,Closed,Equipment_Issues.csv,Mission_6,User A,,ada2e903-c0f2-46fa-a676-bdef94746899,1,,ISSUE006,Equipment Issues
5,incident operation operation incident cyber threat assessment cyber operation security threat response cyber incident assessment assessment incident operation intel incident network incident security assessment intel,Server,Equipment Issues,,2025-12-09,Closed,Equipment_Issues.csv,Mission_6,User A,,638ea185-728d-429c-ba18-d4f52d753935,2,,ISSUE006,Equipment Issues
5,assessment intel response intel incident incident system response intel assessment assessment incident intel threat assessment incident system incident response assessment cyber security cyber assessment intel,Server,Equipment Issues,,2025-12-09,Closed,Equipment_Issues.csv,Mission_6,User A,,2c728b82-4ec7-49da-9c92-a42110a7a90c,3,,ISSUE006,Equipment Issues
5,assessment intel network cyber response response assessment network operation threat network incident intel response cyber incident intel threat operation incident cyber system security system cyber,Server,Equipment Issues,,2025-12-09,Closed,Equipment_Issues.csv,Mission_6,User A,,04773612-b99d-42f3-888f-480701fde17c,4,,ISSUE006,Equipment Issues
5,system cyber operation intel operation response intel incident,Server,Equipment Issues,,2025-12-09,Closed,Equipment_Issues.csv,Mission_6,User A,,73150b5a-d245-44c9-83bf-60df3e00e428,5,,ISSUE006,Equipment Issues
6,security response threat network assessment network security network network cyber network intel cyber response network security cyber threat incident network security response security system response,Laptop,Equipment Issues,,2025-12-10,Open,Equipment_Issues.csv,Mission_7,User A,,c55f282e-3e92-4b03-9ac1-a8994906b6ab,1,,ISSUE007,Equipment Issues
6,system response assessment cyber security response network system network operation intel security system cyber assessment response response incident response threat assessment operation network assessment operation,Laptop,Equipment Issues,,2025-12-10,Open,Equipment_Issues.csv,Mission_7,User A,,a9f7ed28-0549-4c55-bc00-07b4894b66a5,2,,ISSUE007,Equipment Issues
6,assessment operation intel operation incident incident incident security security threat network response operation assessment security incident security assessment network security system operation cyber incident cyber,Laptop,Equipment Issues,,2025-12-10,Open,Equipment_Issues.csv,Mission_7,User A,,32c11c08-aa4d-433a-a389-1ceb448d6480,3,,ISSUE007,Equipment Issues
6,incident cyber operation threat response incident incident assessment response cyber security incident cyber intel incident intel cyber assessment network intel threat assessment incident cyber cyber,Laptop,Equipment Issues,,2025-12-10,Open,Equipment_Issues.csv,Mission_7,User A,,fe959488-2349-4853-902f-53c66e6750fc,4,,ISSUE007,Equipment Issues
6,cyber cyber cyber response incident threat network incident,Laptop,Equipment Issues,,2025-12-10,Open,Equipment_Issues.csv,Mission_7,User A,,c78681b8-d9be-4595-803d-f052dc295375,5,,ISSUE007,Equipment Issues
7,system cyber system network cyber operation system threat system intel threat operation assessment assessment operation system network response intel cyber system operation threat cyber operation,Laptop,Equipment Issues,,2025-12-11,Open,Equipment_Issues.csv,Mission_8,User C,,310bf332-dbd7-458d-b5fe-ffb6af65747e,1,,ISSUE008,Equipment Issues
7,cyber operation security security security network incident network response threat intel intel system system operation incident cyber incident incident threat cyber network threat incident operation,Laptop,Equipment Issues,,2025-12-11,Open,Equipment_Issues.csv,Mission_8,User C,,65dc1966-ae21-471a-a130-9823b8dd90d7,2,,ISSUE008,Equipment Issues
7,incident operation intel network cyber threat security assessment response incident system intel response system operation incident incident cyber incident intel network system security threat assessment,Laptop,Equipment Issues,,2025-12-11,Open,Equipment_Issues.csv,Mission_8,User C,,fc93eed3-6a7f-49b8-a720-be482b8024f8,3,,ISSUE008,Equipment Issues
7,threat assessment cyber incident incident assessment assessment system threat intel operation assessment incident system response operation system operation assessment intel incident system intel threat security,Laptop,Equipment Issues,,2025-12-11,Open,Equipment_Issues.csv,Mission_8,User C,,aef1d817-c225-4543-a71a-6d707da9e8e2,4,,ISSUE008,Equipment Issues
7,threat security security assessment response operation intel cyber,Laptop,Equipment Issues,,2025-12-11,Open,Equipment_Issues.csv,Mission_8,User C,,c71674ef-1f2b-49f4-9dce-58a96f53755b,5,,ISSUE008,Equipment Issues
8,response cyber cyber threat security operation operation assessment network network response network security incident network security network system incident response security security cyber system system,Router,Equipment Issues,,2025-12-12,Closed,Equipment_Issues.csv,Mission_9,User A,,96385485-8567-4185-a2b5-5803443584cf,1,,ISSUE009,Equipment Issues
8,system system assessment incident cyber operation security threat security security system intel assessment network cyber response operation threat threat security operation security response operation assessment,Router,Equipment Issues,,2025-12-12,Closed,Equipment_Issues.csv,Mission_9,User A,,085cba10-4b21-4036-aa73-d65878dd01da,2,,ISSUE009,Equipment Issues
8,operation assessment system operation system cyber cyber security intel intel response assessment security operation operation response network threat incident system incident security response threat response,Router,Equipment Issues,,2025-12-12,Closed,Equipment_Issues.csv,Mission_9,User A,,afb0b94d-6f47-49ca-8d91-a14f0d8dbfb6,3,,ISSUE009,Equipment Issues
8,threat response assessment intel incident assessment threat response assessment assessment network threat cyber incident cyber threat security operation system intel security intel assessment operation intel,Router,Equipment Issues,,2025-12-12,Closed,Equipment_Issues.csv,Mission_9,User A,,661faa80-ec8e-4929-ae81-4689dcaf869a,4,,ISSUE009,Equipment Issues
8,operation intel cyber system intel assessment network security,Router,Equipment Issues,,2025-12-12,Closed,Equipment_Issues.csv,Mission_9,User A,,d2ae6930-91c6-4f78-a63f-7fa089f360fe,5,,ISSUE009,Equipment Issues
9,intel network cyber cyber incident threat security operation network incident operation cyber network assessment incident response network cyber cyber network system response operation system system,Switch,Equipment Issues,,2025-12-13,Open,Equipment_Issues.csv,Mission_10,User B,,31e1047f-7b0d-486f-be2f-c4959af5fe8d,1,,ISSUE010,Equipment Issues
9,system system cyber network cyber operation system intel threat cyber intel assessment network system threat assessment system assessment threat incident intel intel threat incident incident,Switch,Equipment Issues,,2025-12-13,Open,Equipment_Issues.csv,Mission_10,User B,,dab89303-3167-4b14-9e48-d19d0f0ce257,2,,ISSUE010,Equipment Issues
9,incident incident system response cyber response incident system cyber threat intel system system intel incident response cyber assessment incident assessment security system response security incident,Switch,Equipment Issues,,2025-12-13,Open,Equipment_Issues.csv,Mission_10,User B,,67a254df-9521-4b9a-8ea3-f66730d3531a,3,,ISSUE010,Equipment Issues
9,security incident network system response security threat cyber cyber system operation response operation assessment cyber intel operation intel threat intel security security network assessment network,Switch,Equipment Issues,,2025-12-13,Open,Equipment_Issues.csv,Mission_10,User B,,48fc9c70-776a-4d8d-abe2-c4897ecbbcb2,4,,ISSUE010,Equipment Issues
9,assessment network threat security response operation response cyber,Switch,Equipment Issues,,2025-12-13,Open,Equipment_Issues.csv,Mission_10,User B,,a5d9281b-5884-4f47-a2e3-a20c4570af9c,5,,ISSUE010,Equipment Issues
0,operation intel system system intel assessment network operation response assessment security intel threat system security threat operation threat incident security operation security response intel threat,,FFIR,,,,FFIRs_Friction_Points_Recommendations.csv,Mission_1,,,a44eaaa3-320f-448b-938b-6b19a5689b4d,1,,,FFIR
0,intel threat incident operation incident cyber response threat cyber security security cyber system cyber response incident security threat cyber system incident network assessment threat assessment,,FFIR,,,,FFIRs_Friction_Points_Recommendations.csv,Mission_1,,,f99b1697-3a2b-4e0e-93dd-e24d6a3fcd38,2,,,FFIR
0,threat assessment incident operation network response threat response cyber incident operation security response network incident response assessment operation security response response response intel assessment network,,FFIR,,,,FFIRs_Friction_Points_Recommendations.csv,Mission_1,,,4018f118-7379-41ca-b9da-1cb387d4dc43,3,,,FFIR
0,assessment network network incident network security assessment threat cyber system intel,,FFIR,,,,FFIRs_Friction_Points_Recommendations.csv,Mission_1,,,d61b06dd-ea1f-4f43-aa65-3bc25a5b8a77,4,,,FFIR
0,network intel network incident network threat cyber network incident security cyber threat assessment system operation assessment operation network network response incident threat security network security,,Friction_Point,,,,FFIRs_Friction_Points_Recommendations.csv,Mission_1,,,50173ffc-f31e-4c60-9cbc-80363270fb7b,1,,,Friction_Point
0,network security assessment network operation security cyber response network assessment network intel security assessment security operation operation assessment network incident intel assessment security response incident,,Friction_Point,,,,FFIRs_Friction_Points_Recommendations.csv,Mission_1,,,7f11e777-70ae-4dd4-b5ad-7681484aa821,2,,,Friction_Point
0,response incident cyber cyber intel response operation security response threat assessment system system response response assessment cyber assessment security incident intel system response cyber threat,,Friction_Point,,,,FFIRs_Friction_Points_Recommendations.csv,Mission_1,,,4a339df9-257e-40bc-a9f5-3159ee000a37,3,,,Friction_Point
0,cyber threat system cyber assessment assessment network incident security cyber response,,Friction_Point,,,,FFIRs_Friction_Points_Recommendations.csv,Mission_1,,,7b57bf55-905c-4496-93a8-61e2208fcdf4,4,,,Friction_Point
0,operation intel system intel cyber security response cyber network assessment assessment system operation incident cyber security threat cyber system intel response incident intel response cyber,,Recommendation,,,,FFIRs_Friction_Points_Recommendations.csv,Mission_1,,,0740cc3f-9d75-49a6-8bac-2d73d4143930,1,,,Recommendation
0,response cyber response assessment threat response intel intel operation incident response operation security threat threat network intel response system intel assessment operation system response incident,,Recommendation,,,,FFIRs_Friction_Points_Recommendations.csv,Mission_1,,,153bb48a-9f71-45c5-8c45-22f1122e22f0,2,,,Recommendation
0,response incident security threat security response security operation cyber operation security operation incident network network security network response response response security response cyber intel intel,,Recommendation,,,,FFIRs_Friction_Points_Recommendations.csv,Mission_1,,,767f323e-d0e2-4d16-8a38-cf9cf68ccd8e,3,,,Recommendation
0,intel intel incident security network assessment network threat assessment incident cyber,,Recommendation,,,,FFIRs_Friction_Points_Recommendations.csv,Mission_1,,,d6d0bd93-cf12-485a-9158-879091ce5953,4,,,Recommendation
0,security intel security network cyber system incident security response network incident system incident assessment incident operation system intel system response network security assessment response threat,,Observation,,,,FFIRs_Friction_Points_Recommendations.csv,Mission_1,,,7b599986-2abf-42ef-8f43-d5f0273d9c5f,1,,,Observation
0,response threat network incident intel assessment system network system operation incident response response intel incident system network cyber network response security response incident security system,,Observation,,,,FFIRs_Friction_Points_Recommendations.csv,Mission_1,,,a501bb92-5186-46e3-93c9-20ca8f248fe4,2,,,Observation
0,security system intel assessment assessment threat network response operation response security threat assessment cyber system response response threat cyber response response incident operation operation operation,,Observation,,,,FFIRs_Friction_Points_Recommendations.csv,Mission_1,,,856c7886-321c-4b77-a79d-6da8622fef47,3,,,Observation
0,operation operation security cyber intel assessment operation assessment threat operation intel,,Observation,,,,FFIRs_Friction_Points_Recommendations.csv,Mission_1,,,d7dfdfcb-61f9-40da-b70a-a59c68327173,4,,,Observation
0,network intel cyber system system incident cyber security intel threat security cyber threat network security cyber response intel security threat cyber cyber operation intel threat,,Action_Item,,,,FFIRs_Friction_Points_Recommendations.csv,Mission_1,,,deead589-92a7-49d7-824f-8e0fb66a98ef,1,,,Action_Item
0,intel threat incident operation assessment system operation response intel assessment operation system intel security operation intel threat response operation intel operation cyber security threat threat,,Action_Item,,,,FFIRs_Friction_Points_Recommendations.csv,Mission_1,,,19b32650-124b-43ad-88da-8c9355c06f8c,2,,,Action_Item
0,threat threat operation security cyber intel threat response system assessment response assessment system incident response response network incident response incident response threat network assessment threat,,Action_Item,,,,FFIRs_Friction_Points_Recommendations.csv,Mission_1,,,b58a392c-6542-421f-9bdb-36128423b2c0,3,,,Action_Item
0,assessment threat cyber incident incident intel threat incident incident response threat,,Action_Item,,,,FFIRs_Friction_Points_Recommendations.csv,Mission_1,,,76da0adf-ae07-4cc2-8225-f1d301bcb2ac,4,,,Action_Item
0,incident security intel intel operation response response cyber response network network network system intel network intel intel operation operation system operation security system network security,,Summary,,,,FFIRs_Friction_Points_Recommendations.csv,Mission_1,,,02465e93-0af9-4972-a0a4-8a5da03314ef,1,,,Summary
0,network security cyber system incident intel response cyber security operation incident intel incident response response system operation incident network response assessment operation security incident response,,Summary,,,,FFIRs_Friction_Points_Recommendations.csv,Mission_1,,,711d2f20-753d-4a56-81e2-45c7c16fb73b,2,,,Summary
0,incident response response operation incident security operation security intel system cyber network response network response operation operation response threat network assessment security intel intel intel,,Summary,,,,FFIRs_Friction_Points_Recommendations.csv,Mission_1,,,527e3a79-4bd3-4cd7-9e85-59cfec9f6024,3,,,Summary
0,intel intel cyber threat intel assessment response operation incident incident security,,Summary,,,,FFIRs_Friction_Points_Recommendations.csv,Mission_1,,,525ad3f9-b2b8-4d65-884d-4bf65ad3aa7c,4,,,Summary
1,response threat system response threat incident network security threat network threat assessment cyber system cyber assessment cyber threat cyber incident network incident security system threat,,FFIR,,,,FFIRs_Friction_Points_Recommendations.csv,Mission_2,,,b727f3be-109b-4757-90fc-0081bc1d585f,1,,,FFIR
1,system threat security system network incident response system cyber intel network system incident security operation operation operation system cyber threat incident response intel network assessment,,FFIR,,,,FFIRs_Friction_Points_Recommendations.csv,Mission_2,,,43d65dcd-0486-4e89-87e0-f34cf70461ce,2,,,FFIR
1,network assessment cyber threat operation security assessment operation cyber intel assessment assessment response incident assessment threat system response assessment network system response incident incident cyber,,FFIR,,,,FFIRs_Friction_Points_Recommendations.csv,Mission_2,,,5d6ed640-f06a-42ea-bbdf-11b0aefdeb3c,3,,,FFIR
1,incident cyber threat security intel operation security threat security intel assessment,,FFIR,,,,FFIRs_Friction_Points_Recommendations.csv,Mission_2,,,12c037f9-5db8-41a7-98e4-2cd2e999c874,4,,,FFIR
1,network response cyber response assessment response operation security system threat threat cyber system cyber intel intel network intel cyber threat system threat incident operation incident,,Friction_Point,,,,FFIRs_Friction_Points_Recommendations.csv,Mission_2,,,aba1d89e-d039-4fa1-8257-5efbb1297c06,1,,,Friction_Point
1,operation incident network incident system assessment assessment operation system network system response incident cyber assessment cyber system assessment system assessment response system network incident response,,Friction_Point,,,,FFIRs_Friction_Points_Recommendations.csv,Mission_2,,,34658211-0b3b-4425-8bf6-66008e5bbe1f,2,,,Friction_Point
1,incident response system network system operation threat incident intel security system threat response incident network threat response response network threat intel threat cyber network response,,Friction_Point,,,,FFIRs_Friction_Points_Recommendations.csv,Mission_2,,,43e58f7f-67d5-4afa-a25b-b3677dfdeb9b,3,,,Friction_Point
1,network response system incident threat response cyber incident incident assessment cyber,,Friction_Point,,,,FFIRs_Friction_Points_Recommendations.csv,Mission_2,,,0e0676cd-866c-43eb-b5f7-942756f2dc94,4,,,Friction_Point
1,assessment cyber intel operation threat incident assessment threat network incident assessment cyber operation response response intel intel network operation incident security cyber assessment operation operation,,Recommendation,,,,FFIRs_Friction_Points_Recommendations.csv,Mission_2,,,d2f3fd83-16f4-46f2-afbb-987926dc7d81,1,,,Recommendation
1,operation operation security system assessment intel response assessment intel response network assessment cyber response system operation network intel security incident cyber network operation operation security,,Recommendation,,,,FFIRs_Friction_Points_Recommendations.csv,Mission_2,,,87d58af9-7c5b-4704-bdf6-a0a65cf83c98,2,,,Recommendation
1,operation security system threat intel operation network network cyber operation cyber cyber response network operation cyber cyber assessment network incident threat network cyber assessment network,,Recommendation,,,,FFIRs_Friction_Points_Recommendations.csv,Mission_2,,,0fac3a16-3ab0-44d3-a79f-33ca86be4804,3,,,Recommendation
1,assessment network intel security network response response threat operation security incident,,Recommendation,,,,FFIRs_Friction_Points_Recommendations.csv,Mission_2,,,90937002-88a4-4e41-a3dc-82f41a1d6e2c,4,,,Recommendation
1,incident intel operation operation threat incident assessment assessment assessment security security system assessment operation system system system system network operation response response cyber assessment cyber,,Observation,,,,FFIRs_Friction_Points_Recommendations.csv,Mission_2,,,b3845220-258e-44e6-9a3d-e2ff873590fb,1,,,Observation
1,assessment cyber incident intel response operation incident system intel incident assessment network operation network threat incident system system assessment response system intel intel assessment network,,Observation,,,,FFIRs_Friction_Points_Recommendations.csv,Mission_2,,,9dc62041-3418-4b28-964f-c2bedf5f7e4e,2,,,Observation
1,assessment network intel assessment operation network network assessment operation system network incident threat response response intel system response assessment security incident intel intel assessment intel,,Observation,,,,FFIRs_Friction_Points_Recommendations.csv,Mission_2,,,82a2481e-c19e-4145-8d04-4e8d4b423034,3,,,Observation
1,assessment intel intel security incident system response incident incident security operation,,Observation,,,,FFIRs_Friction_Points_Recommendations.csv,Mission_2,,,b03be651-266a-43fb-8858-73bfb5387b75,4,,,Observation
1,assessment assessment incident threat network network incident network response assessment intel cyber security cyber assessment intel incident response intel incident cyber assessment response response security,,Action_Item,,,,FFIRs_Friction_Points_Recommendations.csv,Mission_2,,,26afab41-f81f-42be-9e22-12644cd1257e,1,,,Action_Item
1,response security threat system intel operation security security network assessment intel threat threat incident network response operation response network security response response system intel operation,,Action_Item,,,,FFIRs_Friction_Points_Recommendations.csv,Mission_2,,,870602c9-f03c-4a82-99fa-047053162c03,2,,,Action_Item
1,intel operation assessment operation network operation network operation system intel operation system network incident response incident cyber intel incident response threat system response assessment operation,,Action_Item,,,,FFIRs_Friction_Points_Recommendations.csv,Mission_2,,,0a034faa-15f9-4a4f-bda0-68e1f9e53372,3,,,Action_Item
1,assessment operation operation cyber threat response network system network network system,,Action_Item,,,,FFIRs_Friction_Points_Recommendations.csv,Mission_2,,,dd246b80-52ee-461d-8ae4-db2fd7fd2a64,4,,,Action_Item
1,response assessment assessment threat network response cyber intel security response security cyber network response security assessment incident threat network assessment response intel cyber assessment response,,Summary,,,,FFIRs_Friction_Points_Recommendations.csv,Mission_2,,,7446f92a-a379-41b0-97d4-a049e7fa2aec,1,,,Summary
1,assessment response threat intel response incident security system intel operation response response incident cyber system response network cyber threat intel network threat network assessment incident,,Summary,,,,FFIRs_Friction_Points_Recommendations.csv,Mission_2,,,ab996463-0eca-471f-90bc-5a18c1d9df93,2,,,Summary
1,assessment incident incident system assessment system system security cyber network cyber security assessment operation assessment system security network incident security cyber intel response incident threat,,Summary,,,,FFIRs_Friction_Points_Recommendations.csv,Mission_2,,,cc5c3611-5479-4680-8167-a09fd4deb56a,3,,,Summary
1,incident threat incident operation system network response security response network network,,Summary,,,,FFIRs_Friction_Points_Recommendations.csv,Mission_2,,,464ba462-c305-4374-b3a6-ddcc390da0c8,4,,,Summary
2,system intel assessment system threat incident network response intel network cyber operation cyber assessment network threat operation assessment intel security network network intel operation assessment,,FFIR,,,,FFIRs_Friction_Points_Recommendations.csv,Mission_3,,,b4cc4bdf-5f06-435c-b782-7bc14eea8b0a,1,,,FFIR
2,operation assessment security operation incident cyber network threat incident threat system assessment network security response network response security network intel cyber system intel incident response,,FFIR,,,,FFIRs_Friction_Points_Recommendations.csv,Mission_3,,,a832bfe6-d1a0-4994-92db-26353fbd984e,2,,,FFIR
2,incident response cyber cyber cyber incident response operation intel threat assessment threat threat assessment network response assessment operation security threat intel intel incident operation operation,,FFIR,,,,FFIRs_Friction_Points_Recommendations.csv,Mission_3,,,56cb3994-857a-461a-b770-fcc27e2465e0,3,,,FFIR
2,operation operation operation threat cyber system response assessment threat intel incident,,FFIR,,,,FFIRs_Friction_Points_Recommendations.csv,Mission_3,,,52654afe-8457-4c2d-a82e-9f656c9e50dd,4,,,FFIR
2,response cyber intel operation cyber incident threat response cyber security operation cyber assessment assessment security response security threat response response intel cyber intel intel response,,Friction_Point,,,,FFIRs_Friction_Points_Recommendations.csv,Mission_3,,,10e4b969-6c4e-4eb5-8438-62b89513fac5,1,,,Friction_Point
2,intel response security system response security assessment security security network intel operation threat cyber network assessment threat assessment system threat threat network threat threat incident,,Friction_Point,,,,FFIRs_Friction_Points_Recommendations.csv,Mission_3,,,87d59419-69f1-462f-831e-e06a05a0c166,2,,,Friction_Point
2,threat incident threat intel response operation network operation incident network security incident operation system cyber network security intel cyber intel response security assessment security incident,,Friction_Point,,,,FFIRs_Friction_Points_Recommendations.csv,Mission_3,,,bf03c3c3-9027-4fb7-aa37-50010b172a3c,3,,,Friction_Point
2,security incident assessment intel incident network incident incident network assessment security,,Friction_Point,,,,FFIRs_Friction_Points_Recommendations.csv,Mission_3,,,1213f49b-55fa-4af8-9cfb-008ef95a8b3a,4,,,Friction_Point
2,cyber response operation response assessment intel intel system system security incident intel threat operation network threat intel threat cyber intel threat cyber intel incident cyber,,Recommendation,,,,FFIRs_Friction_Points_Recommendations.csv,Mission_3,,,4c98f2fd-2a10-4121-8349-e11333e0e4cd,1,,,Recommendation
2,incident cyber network assessment cyber cyber operation response network assessment intel network system response response intel threat intel network incident incident intel system threat incident,,Recommendation,,,,FFIRs_Friction_Points_Recommendations.csv,Mission_3,,,3c559883-5911-41d0-9790-b517aea0bf56,2,,,Recommendation
2,threat incident network response network security operation threat cyber network response assessment threat intel operation system threat system incident response cyber security threat security security,,Recommendation,,,,FFIRs_Friction_Points_Recommendations.csv,Mission_3,,,e8e3f5a8-607d-4073-99fe-bcfd141c73fb,3,,,Recommendation
2,security security cyber cyber system threat threat cyber response response response,,Recommendation,,,,FFIRs_Friction_Points_Recommendations.csv,Mission_3,,,76ff7641-b86f-407b-aa27-4fe050a49799,4,,,Recommendation
2,intel security system network incident assessment incident network network cyber network security intel threat cyber security network intel assessment response security security incident incident network,,Observation,,,,FFIRs_Friction_Points_Recommendations.csv,Mission_3,,,d13d1b13-0d84-4585-a6aa-1cd3d2dac180,1,,,Observation
2,incident network response operation threat operation operation response system threat network incident assessment security network security network assessment intel network system assessment cyber threat threat,,Observation,,,,FFIRs_Friction_Points_Recommendations.csv,Mission_3,,,f5bce160-7ebd-454d-805f-135228732c99,2,,,Observation
2,threat threat network incident assessment system threat network operation incident threat cyber security system threat threat security assessment network cyber cyber network operation response system,,Observation,,,,FFIRs_Friction_Points_Recommendations.csv,Mission_3,,,49667c49-aef8-483e-a002-48d248c6bedb,3,,,Observation
2,response system cyber system assessment incident operation intel cyber cyber intel,,Observation,,,,FFIRs_Friction_Points_Recommendations.csv,Mission_3,,,e123358d-a2a2-44d1-898b-069f023f16fe,4,,,Observation
2,security network system intel response response assessment network operation assessment system intel incident intel intel cyber response intel response cyber security threat response response response,,Action_Item,,,,FFIRs_Friction_Points_Recommendations.csv,Mission_3,,,2d72a990-b12f-460d-9f33-2eb5ebb7a041,1,,,Action_Item
2,response response response incident security network incident assessment intel security incident incident security cyber security cyber threat threat assessment assessment response security intel incident threat,,Action_Item,,,,FFIRs_Friction_Points_Recommendations.csv,Mission_3,,,07e1799c-084d-49e3-96b1-7451abaf53a6,2,,,Action_Item
2,incident threat network system response incident operation intel assessment intel operation threat intel intel response system intel security threat assessment response network security incident assessment,,Action_Item,,,,FFIRs_Friction_Points_Recommendations.csv,Mission_3,,,f80039cd-6ed6-48b9-bcf0-53fad94f4ee0,3,,,Action_Item
2,incident assessment intel security incident assessment intel network intel system assessment,,Action_Item,,,,FFIRs_Friction_Points_Recommendations.csv,Mission_3,,,a6f04b84-5fb8-4752-8ea5-ffc1a626595c,4,,,Action_Item
2,cyber cyber response security incident cyber response incident threat operation incident intel system operation operation intel security assessment operation security security incident threat security response,,Summary,,,,FFIRs_Friction_Points_Recommendations.csv,Mission_3,,,6c2d71ab-ae46-4df5-8970-edd02330b855,1,,,Summary
2,security response incident incident network intel response operation threat security security incident response assessment cyber network cyber intel cyber security assessment intel assessment threat incident,,Summary,,,,FFIRs_Friction_Points_Recommendations.csv,Mission_3,,,83056470-fe17-4a99-8c95-5f9f57124097,2,,,Summary
2,threat incident incident operation network security threat network incident assessment network intel system cyber cyber network security response intel response network cyber cyber security response,,Summary,,,,FFIRs_Friction_Points_Recommendations.csv,Mission_3,,,8b8b2067-3201-4a8b-a008-d97ecc88ed5b,3,,,Summary
2,security response incident network cyber threat assessment threat operation security intel,,Summary,,,,FFIRs_Friction_Points_Recommendations.csv,Mission_3,,,65a36cf4-0c12-4e2b-8f58-1e3755626691,4,,,Summary
3,operation security intel system intel assessment assessment system response security cyber cyber threat operation threat system network network security system system response cyber cyber operation,,FFIR,,,,FFIRs_Friction_Points_Recommendations.csv,Mission_4,,,c7a44a5f-3e60-493c-9465-75bc92d5307d,1,,,FFIR
3,cyber operation system operation response threat system assessment security threat incident assessment cyber system operation threat threat operation operation threat assessment security operation operation intel,,FFIR,,,,FFIRs_Friction_Points_Recommendations.csv,Mission_4,,,96f572b2-5b2f-4d7c-9055-697e07ae8c4c,2,,,FFIR
3,operation intel network cyber response assessment intel incident network incident network intel cyber security operation operation operation network cyber assessment response cyber network system operation,,FFIR,,,,FFIRs_Friction_Points_Recommendations.csv,Mission_4,,,44ca3174-42f9-45e1-9efc-ad0c159c2903,3,,,FFIR
3,system operation incident system security cyber threat security assessment security intel,,FFIR,,,,FFIRs_Friction_Points_Recommendations.csv,Mission_4,,,e55918a5-848b-47c0-aa93-57765b9cf5a6,4,,,FFIR
3,intel cyber threat threat threat cyber response cyber incident response threat incident intel threat assessment operation security cyber operation operation operation intel network assessment incident,,Friction_Point,,,,FFIRs_Friction_Points_Recommendations.csv,Mission_4,,,3b980cff-1fc3-4ddd-94ab-701ccc57a889,1,,,Friction_Point
3,assessment incident threat operation intel response threat intel network intel cyber network incident intel incident network incident intel intel threat security intel response system incident,,Friction_Point,,,,FFIRs_Friction_Points_Recommendations.csv,Mission_4,,,4c29a2f0-7cf1-4443-b5f0-fd553ff4bcd0,2,,,Friction_Point
3,system incident threat operation response response system response response threat intel system incident incident incident threat response response response system assessment system assessment assessment assessment,,Friction_Point,,,,FFIRs_Friction_Points_Recommendations.csv,Mission_4,,,8f09ff8d-d208-4499-871c-beca1ce1283d,3,,,Friction_Point
3,assessment assessment operation security security response response operation security threat network,,Friction_Point,,,,FFIRs_Friction_Points_Recommendations.csv,Mission_4,,,2133c0b8-2c2b-4399-8204-9cb6aa59f395,4,,,Friction_Point
3,operation threat threat response cyber security cyber system security network threat threat assessment operation intel security security threat security network assessment network assessment response network,,Recommendation,,,,FFIRs_Friction_Points_Recommendations.csv,Mission_4,,,7fa15d41-bb38-4459-8125-7f5bfeb81b87,1,,,Recommendation
3,response network incident security assessment security response cyber cyber assessment assessment network incident response threat assessment cyber system threat security operation security assessment network incident,,Recommendation,,,,FFIRs_Friction_Points_Recommendations.csv,Mission_4,,,cc49a688-8d82-45fa-bfe3-71ab7a078462,2,,,Recommendation
3,network incident cyber network cyber assessment system operation assessment cyber intel response response threat assessment response system network operation assessment network security operation response assessment,,Recommendation,,,,FFIRs_Friction_Points_Recommendations.csv,Mission_4,,,4e131305-5e4e-4471-aca4-89e0afbb3a29,3,,,Recommendation
3,response assessment network intel response network response network system response system,,Recommendation,,,,FFIRs_Friction_Points_Recommendations.csv,Mission_4,,,752a33cb-0710-4a0c-a2bd-c4b017823aa6,4,,,Recommendation
3,assessment assessment assessment response response system security operation security network response intel network threat response assessment cyber intel operation network cyber response security system system,,Observation,,,,FFIRs_Friction_Points_Recommendations.csv,Mission_4,,,62f4b4b9-0455-441d-96e7-8b788874fd9a,1,,,Observation
3,system system operation threat operation operation assessment assessment response operation response security operation threat security intel system assessment response incident network response security operation assessment,,Observation,,,,FFIRs_Friction_Points_Recommendations.csv,Mission_4,,,301d8a74-238b-43d5-b2a9-f91c40956ede,2,,,Observation
3,operation assessment incident operation intel security intel response intel cyber security response operation incident network incident incident cyber incident operation assessment threat network assessment network,,Observation,,,,FFIRs_Friction_Points_Recommendations.csv,Mission_4,,,39680444-bef4-4b2d-b1e8-f3576219f7b4,3,,,Observation
3,assessment network assessment intel security security operation operation cyber assessment threat,,Observation,,,,FFIRs_Friction_Points_Recommendations.csv,Mission_4,,,d715fe60-d105-47a9-bdf7-5fb97b373612,4,,,Observation
3,security intel response assessment assessment threat assessment security incident cyber incident assessment network response incident assessment incident operation operation response incident assessment network incident operation,,Action_Item,,,,FFIRs_Friction_Points_Recommendations.csv,Mission_4,,,2352f9bd-819b-48eb-82b0-cd73d9cee9c5,1,,,Action_Item
3,incident operation incident cyber assessment assessment assessment system security operation assessment operation assessment cyber cyber intel security incident incident network operation system intel response assessment,,Action_Item,,,,FFIRs_Friction_Points_Recommendations.csv,Mission_4,,,dd78f621-e84f-4dfc-8fb2-14f80bb20d31,2,,,Action_Item
3,response assessment intel system assessment security response intel intel intel threat system intel network intel system network intel security operation threat intel incident network intel,,Action_Item,,,,FFIRs_Friction_Points_Recommendations.csv,Mission_4,,,abbbc1f2-6e60-4ec9-9e1a-2b0736ef6a36,3,,,Action_Item
3,network intel intel incident cyber threat incident incident assessment incident operation,,Action_Item,,,,FFIRs_Friction_Points_Recommendations.csv,Mission_4,,,8784b4e0-5649-4728-ad61-15057e085417,4,,,Action_Item
3,operation incident incident incident assessment operation assessment cyber operation assessment system intel network network cyber threat intel security system cyber intel response system response cyber,,Summary,,,,FFIRs_Friction_Points_Recommendations.csv,Mission_4,,,141a9f79-cced-4227-a445-b2deb18cabb3,1,,,Summary
3,response cyber response intel incident intel network system threat operation threat cyber system security assessment system network network assessment network system security operation network cyber,,Summary,,,,FFIRs_Friction_Points_Recommendations.csv,Mission_4,,,94142e09-7d42-4e91-a670-5c5588842dc2,2,,,Summary
3,network cyber assessment threat intel security system assessment incident intel operation system network operation threat threat network security intel incident intel incident assessment network security,,Summary,,,,FFIRs_Friction_Points_Recommendations.csv,Mission_4,,,d2f312f2-02fd-43ba-8a56-8af6210e4e9e,3,,,Summary
3,network security response response incident operation intel intel security network intel,,Summary,,,,FFIRs_Friction_Points_Recommendations.csv,Mission_4,,,d9c294bf-4188-4e41-8603-a58e50f10c8d,4,,,Summary
4,network system assessment threat system intel network intel assessment intel incident operation response response operation intel network incident assessment security incident operation network cyber response,,FFIR,,,,FFIRs_Friction_Points_Recommendations.csv,Mission_5,,,3206d502-9ff2-44fe-9a30-ba7cf11321af,1,,,FFIR
4,cyber response assessment cyber operation response operation security security network network incident network operation intel network threat operation security incident system network security incident threat,,FFIR,,,,FFIRs_Friction_Points_Recommendations.csv,Mission_5,,,11702590-c18d-4256-9d93-459627edc163,2,,,FFIR
4,incident threat incident system cyber network system assessment system intel network system security network assessment response intel incident cyber security network cyber response assessment incident,,FFIR,,,,FFIRs_Friction_Points_Recommendations.csv,Mission_5,,,1acf843b-7948-45ee-ae72-57a546635043,3,,,FFIR
4,assessment incident threat threat network cyber intel cyber incident assessment threat,,FFIR,,,,FFIRs_Friction_Points_Recommendations.csv,Mission_5,,,f41c4d4d-38a9-43c1-85ec-bf220fcd1156,4,,,FFIR
4,response response threat cyber system threat network security response intel threat incident incident network threat network operation assessment network threat security operation intel threat threat,,Friction_Point,,,,FFIRs_Friction_Points_Recommendations.csv,Mission_5,,,70ccfaca-09a4-41be-a1a9-728bb525fffc,1,,,Friction_Point
4,threat threat system response incident intel assessment response threat cyber network incident cyber assessment assessment operation assessment threat cyber incident threat threat security threat threat,,Friction_Point,,,,FFIRs_Friction_Points_Recommendations.csv,Mission_5,,,3f8fc63f-1139-422c-b15d-862d3ac59199,2,,,Friction_Point
4,threat threat threat cyber security incident assessment intel intel security system cyber response incident cyber response cyber incident assessment cyber threat intel assessment cyber assessment,,Friction_Point,,,,FFIRs_Friction_Points_Recommendations.csv,Mission_5,,,927ef870-6351-434d-9aaa-b8fe01d51ea4,3,,,Friction_Point
4,cyber assessment operation incident threat network system operation threat security incident,,Friction_Point,,,,FFIRs_Friction_Points_Recommendations.csv,Mission_5,,,e94da8c4-fecb-43f4-bca3-6284428ea008,4,,,Friction_Point
4,threat operation intel security operation system cyber operation security network cyber response system threat security cyber network threat security operation security assessment incident assessment cyber,,Recommendation,,,,FFIRs_Friction_Points_Recommendations.csv,Mission_5,,,04391563-e540-42b5-8199-fc2a235f31e8,1,,,Recommendation
4,assessment cyber security operation threat security cyber cyber threat network security incident threat system incident security network incident network operation intel response system network network,,Recommendation,,,,FFIRs_Friction_Points_Recommendations.csv,Mission_5,,,2b0f5592-fd89-4312-8c16-0cd668d2240d,2,,,Recommendation
4,network network operation assessment security system response incident intel response assessment incident cyber response system security operation cyber incident incident response security response assessment cyber,,Recommendation,,,,FFIRs_Friction_Points_Recommendations.csv,Mission_5,,,78cd41f2-853c-4302-b4af-4955da8fff3a,3,,,Recommendation
4,assessment cyber response threat security assessment network cyber assessment system network,,Recommendation,,,,FFIRs_Friction_Points_Recommendations.csv,Mission_5,,,1ff060c5-ba40-4903-a3d3-9a58b8d56983,4,,,Recommendation
4,assessment network response assessment operation cyber cyber operation threat network operation system system operation system operation security cyber assessment intel operation response response threat security,,Observation,,,,FFIRs_Friction_Points_Recommendations.csv,Mission_5,,,150ca304-632a-4fb2-baac-8172ad268eac,1,,,Observation
4,threat security operation system assessment assessment intel operation network network operation network security operation network network security intel incident intel operation network network incident security,,Observation,,,,FFIRs_Friction_Points_Recommendations.csv,Mission_5,,,6465441d-88c6-4b19-a6ba-5a4055c5a2bf,2,,,Observation
4,incident security incident threat assessment cyber network assessment operation incident intel network response operation system operation security intel response assessment operation response intel assessment operation,,Observation,,,,FFIRs_Friction_Points_Recommendations.csv,Mission_5,,,376b6d3c-e2b0-4f36-b541-dda15db6536b,3,,,Observation
4,assessment operation assessment threat operation incident security intel incident operation cyber,,Observation,,,,FFIRs_Friction_Points_Recommendations.csv,Mission_5,,,d6b19256-4a71-4130-8380-290624be7f96,4,,,Observation
4,incident response security assessment assessment response network security incident incident assessment assessment threat intel security response incident assessment system intel network cyber network threat operation,,Action_Item,,,,FFIRs_Friction_Points_Recommendations.csv,Mission_5,,,8d9472c6-71d7-44ea-8b76-f6b942d87e2e,1,,,Action_Item
4,threat operation intel incident assessment system intel network response system cyber incident network assessment cyber network security operation system response threat intel incident cyber intel,,Action_Item,,,,FFIRs_Friction_Points_Recommendations.csv,Mission_5,,,92d5195d-58d8-431c-ba0e-747b469f8db0,2,,,Action_Item
4,cyber intel cyber cyber system system threat security incident security incident system incident network operation intel response system security security response threat network security operation,,Action_Item,,,,FFIRs_Friction_Points_Recommendations.csv,Mission_5,,,12081627-b805-4cf5-aa00-d575e532c543,3,,,Action_Item
4,security operation security intel operation network response response cyber incident operation,,Action_Item,,,,FFIRs_Friction_Points_Recommendations.csv,Mission_5,,,7f346505-8ade-4032-a319-44df478aa548,4,,,Action_Item
4,network operation system security intel system incident incident security system cyber intel assessment incident threat threat cyber intel cyber cyber security security intel operation incident,,Summary,,,,FFIRs_Friction_Points_Recommendations.csv,Mission_5,,,a7350dfc-f0d1-4b97-8fa4-399a9b332b7d,1,,,Summary
4,operation incident cyber assessment system cyber system threat cyber cyber response security incident incident system system assessment incident threat cyber cyber response system incident assessment,,Summary,,,,FFIRs_Friction_Points_Recommendations.csv,Mission_5,,,53edc389-2a97-477f-b0eb-3699e80dbda9,2,,,Summary
4,incident assessment assessment assessment system incident assessment assessment cyber threat assessment operation response security intel intel cyber threat threat threat system incident response system cyber,,Summary,,,,FFIRs_Friction_Points_Recommendations.csv,Mission_5,,,91e86ca4-5d36-48c0-8e45-f865a8c8512b,3,,,Summary
4,system cyber security assessment response incident assessment operation system assessment operation,,Summary,,,,FFIRs_Friction_Points_Recommendations.csv,Mission_5,,,e75aabaf-bf0f-4476-8119-e41661c19a64,4,,,Summary
5,response intel operation threat security threat cyber threat threat intel security assessment intel network threat response threat response incident cyber intel operation operation cyber response,,FFIR,,,,FFIRs_Friction_Points_Recommendations.csv,Mission_6,,,2795735e-a770-485a-815b-583c18997e64,1,,,FFIR
5,cyber response incident threat threat security incident system operation network security cyber response incident cyber incident security operation cyber intel assessment intel incident operation response,,FFIR,,,,FFIRs_Friction_Points_Recommendations.csv,Mission_6,,,290a0c08-2955-4442-8a59-632b59eb4c5f,2,,,FFIR
5,operation response assessment security assessment cyber system system cyber system response system cyber security system response response threat system security threat cyber cyber incident cyber,,FFIR,,,,FFIRs_Friction_Points_Recommendations.csv,Mission_6,,,4169e46b-631d-4433-8fb1-661868764901,3,,,FFIR
5,incident cyber security assessment system cyber assessment response cyber assessment intel,,FFIR,,,,FFIRs_Friction_Points_Recommendations.csv,Mission_6,,,22e77080-0b6b-4570-b506-806dfc7f1d99,4,,,FFIR
5,operation system response operation assessment operation cyber response cyber operation intel security intel response assessment response assessment threat security system response response response network threat,,Friction_Point,,,,FFIRs_Friction_Points_Recommendations.csv,Mission_6,,,d737db9d-6ecd-4f5c-a746-6c28da7f75d6,1,,,Friction_Point
5,network threat incident intel intel response security security assessment response cyber system response network threat threat network cyber incident operation response intel incident system security,,Friction_Point,,,,FFIRs_Friction_Points_Recommendations.csv,Mission_6,,,c98bf8f0-c848-49fe-95a5-e9fdcf2983a2,2,,,Friction_Point
5,system security network cyber system cyber response network threat incident system response operation incident threat intel security operation assessment system assessment network network operation response,,Friction_Point,,,,FFIRs_Friction_Points_Recommendations.csv,Mission_6,,,39f88de5-dfda-4a07-abe3-a4a9dffec4bf,3,,,Friction_Point
5,operation response intel threat network cyber system assessment response operation response,,Friction_Point,,,,FFIRs_Friction_Points_Recommendations.csv,Mission_6,,,b00f19d6-5d4a-4f12-9ba9-3e2edf7c1e34,4,,,Friction_Point
5,security cyber system intel operation intel threat security intel security incident assessment operation response threat operation threat incident network cyber incident network assessment response incident,,Recommendation,,,,FFIRs_Friction_Points_Recommendations.csv,Mission_6,,,8ee8e9d5-4e4d-4715-a971-b74b0434988d,1,,,Recommendation
5,response incident threat operation assessment threat intel incident system operation threat intel operation incident network incident network system assessment system network response incident threat operation,,Recommendation,,,,FFIRs_Friction_Points_Recommendations.csv,Mission_6,,,d425b323-3ad9-4ff9-a00b-bc3152b6518e,2,,,Recommendation
5,threat operation security response assessment response incident threat cyber assessment operation cyber cyber intel threat intel operation system assessment incident intel system threat network operation,,Recommendation,,,,FFIRs_Friction_Points_Recommendations.csv,Mission_6,,,5ac58eb9-67be-45a8-9ae3-246c28e668ba,3,,,Recommendation
5,network operation network cyber assessment incident assessment assessment system intel cyber,,Recommendation,,,,FFIRs_Friction_Points_Recommendations.csv,Mission_6,,,cf478a82-36a3-4259-87d4-76238dbf1437,4,,,Recommendation
5,intel assessment intel response response incident threat intel threat security response system response incident intel operation security threat assessment intel cyber assessment assessment network threat,,Observation,,,,FFIRs_Friction_Points_Recommendations.csv,Mission_6,,,43fa94e4-a9c2-415c-82b5-33186e5d7c79,1,,,Observation
5,network threat assessment operation assessment response assessment incident assessment incident threat response threat system intel assessment network intel system security threat system threat response threat,,Observation,,,,FFIRs_Friction_Points_Recommendations.csv,Mission_6,,,080fccda-9921-486f-8531-f2e1311e47a0,2,,,Observation
5,response threat threat response threat assessment cyber security intel security system network threat cyber security incident response operation cyber incident system intel operation threat operation,,Observation,,,,FFIRs_Friction_Points_Recommendations.csv,Mission_6,,,4f1b0b30-0c79-4c0d-af43-2dfcda453606,3,,,Observation
5,threat operation incident response operation response assessment response security threat network,,Observation,,,,FFIRs_Friction_Points_Recommendations.csv,Mission_6,,,20236f90-417b-49f8-9fde-0d5a67824112,4,,,Observation
5,response threat intel intel incident security system network incident system incident response assessment operation intel cyber system network security intel intel system assessment response system,,Action_Item,,,,FFIRs_Friction_Points_Recommendations.csv,Mission_6,,,53da82df-8b0c-4d25-9b87-840c68633e37,1,,,Action_Item
5,response system response incident threat response threat cyber threat threat assessment incident security network cyber assessment response operation network system cyber assessment security intel threat,,Action_Item,,,,FFIRs_Friction_Points_Recommendations.csv,Mission_6,,,9a3fbc9d-a0a7-49df-9c37-618c7dcca335,2,,,Action_Item
5,intel threat security security intel incident system cyber assessment response response operation operation operation assessment assessment operation security operation security network cyber network operation cyber,,Action_Item,,,,FFIRs_Friction_Points_Recommendations.csv,Mission_6,,,0ab4745f-a5aa-4671-a528-b93ea4080370,3,,,Action_Item
5,operation cyber intel threat network intel threat security security threat network,,Action_Item,,,,FFIRs_Friction_Points_Recommendations.csv,Mission_6,,,2115a4c7-9936-4650-a141-7ec886b17ad4,4,,,Action_Item
5,system threat incident response system operation response response security assessment system operation system system network system response threat operation response system security assessment security intel,,Summary,,,,FFIRs_Friction_Points_Recommendations.csv,Mission_6,,,0aa4a1dd-b8f3-462c-9ac8-99dd3f53f1d3,1,,,Summary
5,security intel network operation response assessment threat incident network system incident cyber assessment intel security security threat operation response response cyber operation cyber system response,,Summary,,,,FFIRs_Friction_Points_Recommendations.csv,Mission_6,,,91bcdf40-96bb-4d4c-a544-31f26ddc1857,2,,,Summary
5,system response network system incident network threat cyber cyber cyber assessment threat threat system cyber operation threat operation cyber system security security operation assessment security,,Summary,,,,FFIRs_Friction_Points_Recommendations.csv,Mission_6,,,916147f0-47ef-4e21-88be-457f9f3babf8,3,,,Summary
5,assessment security incident response incident security incident assessment assessment intel threat,,Summary,,,,FFIRs_Friction_Points_Recommendations.csv,Mission_6,,,d5475db6-1b7a-4f97-98f8-9bedb6cd99cd,4,,,Summary
6,intel network cyber network cyber cyber cyber security response threat security security network cyber threat security threat operation assessment operation incident threat incident assessment intel,,FFIR,,,,FFIRs_Friction_Points_Recommendations.csv,Mission_7,,,050160da-f673-40c7-ac02-41bdeef8ec30,1,,,FFIR
6,assessment intel operation intel threat system assessment intel system incident cyber threat operation incident security threat operation intel operation intel intel threat assessment operation cyber,,FFIR,,,,FFIRs_Friction_Points_Recommendations.csv,Mission_7,,,a36f7b69-db76-4716-96fd-e5d0077283ff,2,,,FFIR
6,operation cyber operation response threat response system network assessment cyber security incident cyber cyber network intel operation response system network threat threat threat incident intel,,FFIR,,,,FFIRs_Friction_Points_Recommendations.csv,Mission_7,,,836a657c-1514-4754-abf3-8ad7f1f140f2,3,,,FFIR
6,incident intel incident security security cyber operation assessment intel cyber response,,FFIR,,,,FFIRs_Friction_Points_Recommendations.csv,Mission_7,,,059459f5-e431-488f-b3b7-c39943431556,4,,,FFIR
6,intel network network operation security response threat response cyber operation operation system intel security response system incident incident intel security assessment cyber cyber network response,,Friction_Point,,,,FFIRs_Friction_Points_Recommendations.csv,Mission_7,,,aa9d58d0-01ce-43bc-9ea0-a3194d6aa808,1,,,Friction_Point
6,network response security response response response response response cyber cyber assessment threat network response system threat threat network response assessment cyber network cyber assessment intel,,Friction_Point,,,,FFIRs_Friction_Points_Recommendations.csv,Mission_7,,,628e39aa-98c1-4957-83bc-b6e27803e393,2,,,Friction_Point
6,assessment intel cyber assessment threat threat security incident incident threat cyber system assessment intel security threat network threat intel intel incident system assessment incident incident,,Friction_Point,,,,FFIRs_Friction_Points_Recommendations.csv,Mission_7,,,5e58d195-67e9-4ade-871b-317dd24ad907,3,,,Friction_Point
6,incident incident security system cyber response security intel system system intel,,Friction_Point,,,,FFIRs_Friction_Points_Recommendations.csv,Mission_7,,,2904b3ba-ba04-41bd-aee1-86819d04eab6,4,,,Friction_Point
6,system response intel security intel operation system network incident operation cyber incident system threat system system network intel network response assessment assessment cyber system network,,Recommendation,,,,FFIRs_Friction_Points_Recommendations.csv,Mission_7,,,1f13f704-29eb-4c38-a42e-9a12fb09a11c,1,,,Recommendation
6,system network assessment incident incident assessment operation intel operation security security system system security operation security operation incident system network threat incident threat incident threat,,Recommendation,,,,FFIRs_Friction_Points_Recommendations.csv,Mission_7,,,f6ef210d-9731-498a-973d-34efa16faced,2,,,Recommendation
6,incident threat intel network system operation assessment network response response cyber response response incident assessment network security incident operation cyber incident system response network network,,Recommendation,,,,FFIRs_Friction_Points_Recommendations.csv,Mission_7,,,49a5a7a2-1329-4ddb-b4ab-6e25b9dfefed,3,,,Recommendation
6,network network intel cyber network security system assessment assessment response threat,,Recommendation,,,,FFIRs_Friction_Points_Recommendations.csv,Mission_7,,,5b1f23d5-f50a-48c9-b578-231107210c10,4,,,Recommendation
6,security operation incident assessment operation cyber operation system assessment incident cyber intel assessment system response system cyber response system threat network operation intel network cyber,,Observation,,,,FFIRs_Friction_Points_Recommendations.csv,Mission_7,,,fbbe3e9e-4b77-4e8a-8fb0-309fa8303baf,1,,,Observation
6,network cyber operation cyber incident operation incident system threat cyber cyber cyber security assessment security operation assessment operation system network security cyber threat cyber operation,,Observation,,,,FFIRs_Friction_Points_Recommendations.csv,Mission_7,,,9293db9e-c424-4285-8940-d2df5ad122fe,2,,,Observation
6,cyber operation operation threat incident cyber incident assessment assessment threat operation assessment response response operation operation response operation security network assessment system threat security threat,,Observation,,,,FFIRs_Friction_Points_Recommendations.csv,Mission_7,,,22be9c9c-000a-43ef-947a-b5868a5f0b5a,3,,,Observation
6,security threat response threat incident network operation system incident response response,,Observation,,,,FFIRs_Friction_Points_Recommendations.csv,Mission_7,,,ea47d5a6-0ff3-4515-b582-f30ff06b615c,4,,,Observation
6,network cyber response system network operation system threat incident intel incident security operation security system operation operation system operation incident security incident network network response,,Action_Item,,,,FFIRs_Friction_Points_Recommendations.csv,Mission_7,,,6a70ba9e-114c-4b03-a563-2f97fca6f1b1,1,,,Action_Item
6,network response response response threat assessment threat incident network intel intel system incident network threat intel network intel cyber intel threat incident threat network intel,,Action_Item,,,,FFIRs_Friction_Points_Recommendations.csv,Mission_7,,,8d8402a3-b7ce-4dc4-a3a1-0131d9f62093,2,,,Action_Item
6,network intel incident system system network response threat incident intel incident network incident incident incident operation intel response response intel assessment threat network system network,,Action_Item,,,,FFIRs_Friction_Points_Recommendations.csv,Mission_7,,,c279aef5-b645-4694-83f2-cbf053962612,3,,,Action_Item
6,system network network cyber security operation operation incident system threat security,,Action_Item,,,,FFIRs_Friction_Points_Recommendations.csv,Mission_7,,,85615bb4-2bb6-492f-9e97-3b3c4bdfebf4,4,,,Action_Item
6,intel incident intel operation operation security system cyber response assessment system response cyber operation security incident incident response system cyber response threat incident intel security,,Summary,,,,FFIRs_Friction_Points_Recommendations.csv,Mission_7,,,131125c8-9c9e-4380-bd17-53ce18059529,1,,,Summary
6,intel security system intel security system security network intel cyber system threat threat assessment response incident operation intel security cyber security intel response response response,,Summary,,,,FFIRs_Friction_Points_Recommendations.csv,Mission_7,,,5562d80d-8343-44b0-85e8-607417de44ff,2,,,Summary
6,response response cyber threat network network cyber intel response intel security incident cyber intel assessment security cyber threat security response incident assessment threat incident threat,,Summary,,,,FFIRs_Friction_Points_Recommendations.csv,Mission_7,,,37325388-4255-4ee5-a57e-c921c4252e4c,3,,,Summary
6,incident threat operation cyber system network cyber assessment system operation security,,Summary,,,,FFIRs_Friction_Points_Recommendations.csv,Mission_7,,,bb2e5dd8-1f5c-4cbf-80d4-9d7c708a873b,4,,,Summary
7,operation threat intel cyber assessment operation operation security cyber assessment cyber threat system operation assessment network threat cyber response incident security security cyber network response,,FFIR,,,,FFIRs_Friction_Points_Recommendations.csv,Mission_8,,,2a029d75-5cc3-4d13-b076-2e59726adfd2,1,,,FFIR
7,network response intel threat system security threat assessment cyber incident network cyber network system intel intel intel network security assessment incident response assessment intel assessment,,FFIR,,,,FFIRs_Friction_Points_Recommendations.csv,Mission_8,,,8f36c921-32b2-4b8b-8f7d-6be24b717b53,2,,,FFIR
7,intel assessment network operation assessment intel network cyber threat threat incident incident incident cyber response system network response incident threat security system incident cyber security,,FFIR,,,,FFIRs_Friction_Points_Recommendations.csv,Mission_8,,,9bbc3333-a460-4d7e-bc0c-7932f99ccd03,3,,,FFIR
7,cyber security system security operation assessment operation threat security response security,,FFIR,,,,FFIRs_Friction_Points_Recommendations.csv,Mission_8,,,0fbd5580-175c-4020-89fd-6acea1c2ed37,4,,,FFIR
7,system cyber system network incident network response network response security response network threat response incident network assessment system cyber network security response threat cyber incident,,Friction_Point,,,,FFIRs_Friction_Points_Recommendations.csv,Mission_8,,,29ef1772-13b6-4767-9e9e-b456ae6e5b75,1,,,Friction_Point
7,cyber incident operation system network assessment threat assessment response security system assessment intel system incident assessment system network threat operation assessment cyber assessment assessment response,,Friction_Point,,,,FFIRs_Friction_Points_Recommendations.csv,Mission_8,,,42dd8318-3205-4c59-afe5-87b06c40c866,2,,,Friction_Point
7,assessment response network system network system incident response incident system operation assessment intel cyber intel threat cyber threat intel network response network incident incident system,,Friction_Point,,,,FFIRs_Friction_Points_Recommendations.csv,Mission_8,,,c71fa426-d4ba-4018-aa64-3046be8c297e,3,,,Friction_Point
7,incident system network response assessment incident cyber incident assessment intel system,,Friction_Point,,,,FFIRs_Friction_Points_Recommendations.csv,Mission_8,,,e56ffd2f-891c-485d-b8ea-f2be197c16bb,4,,,Friction_Point
7,operation cyber security cyber system threat system cyber security response response assessment incident threat incident response system security assessment operation operation system threat incident incident,,Recommendation,,,,FFIRs_Friction_Points_Recommendations.csv,Mission_8,,,05b87003-7dd8-4170-aec2-114166320bea,1,,,Recommendation
7,incident incident operation network intel security operation network intel security assessment operation response assessment response cyber network assessment intel operation network operation intel operation security,,Recommendation,,,,FFIRs_Friction_Points_Recommendations.csv,Mission_8,,,d29e8053-22d9-4a84-99eb-31d28b8a9cf6,2,,,Recommendation
7,operation security operation security system intel assessment operation assessment assessment system system security incident intel cyber intel security intel intel assessment security cyber system cyber,,Recommendation,,,,FFIRs_Friction_Points_Recommendations.csv,Mission_8,,,dbc36a75-d5fa-46e1-bae2-eb1d0b5b20a9,3,,,Recommendation
7,system cyber incident response threat intel response incident network intel network,,Recommendation,,,,FFIRs_Friction_Points_Recommendations.csv,Mission_8,,,a9502fef-50c9-4ce3-af49-b483dc2bdfe9,4,,,Recommendation
7,security response operation cyber assessment network operation cyber intel system incident assessment security assessment network assessment threat threat assessment system incident system response assessment cyber,,Observation,,,,FFIRs_Friction_Points_Recommendations.csv,Mission_8,,,00c8ff33-862c-46b3-bc27-bf33b6ee4742,1,,,Observation
7,assessment cyber response operation system network network network response network network cyber network operation network intel operation intel incident response threat system threat system network,,Observation,,,,FFIRs_Friction_Points_Recommendations.csv,Mission_8,,,41a40839-1855-4dd3-9548-4cfaec23628b,2,,,Observation
7,system network cyber operation intel assessment cyber threat incident response cyber system intel incident assessment cyber assessment security system cyber response intel system intel security,,Observation,,,,FFIRs_Friction_Points_Recommendations.csv,Mission_8,,,0501b0a3-be6f-4206-b016-28500fb6b9fe,3,,,Observation
7,intel security intel threat system network threat intel operation intel assessment,,Observation,,,,FFIRs_Friction_Points_Recommendations.csv,Mission_8,,,fb88ba89-2eab-469b-b262-0661cc00c49e,4,,,Observation
7,intel assessment system intel incident system operation assessment response response response intel intel cyber incident cyber threat response threat network cyber network operation incident network,,Action_Item,,,,FFIRs_Friction_Points_Recommendations.csv,Mission_8,,,9018177b-fc5d-4784-8811-ee56c9876704,1,,,Action_Item
7,incident network system intel network incident security assessment network threat response response network cyber system threat assessment network incident response response system incident threat operation,,Action_Item,,,,FFIRs_Friction_Points_Recommendations.csv,Mission_8,,,14fb4cc0-f680-4aa6-9212-0fd9c4d972df,2,,,Action_Item
7,threat operation intel cyber network assessment operation incident response cyber intel threat incident assessment cyber intel threat operation threat response threat response operation system intel,,Action_Item,,,,FFIRs_Friction_Points_Recommendations.csv,Mission_8,,,f7bae514-2f37-4e3f-a023-a9731de5a723,3,,,Action_Item
7,system intel operation system system security network operation response incident cyber,,Action_Item,,,,FFIRs_Friction_Points_Recommendations.csv,Mission_8,,,c3c7ca27-ab73-480d-8cbe-793dc7cdf3be,4,,,Action_Item
7,incident operation threat incident assessment cyber threat intel operation incident security network cyber network network intel threat operation security assessment system intel response intel network,,Summary,,,,FFIRs_Friction_Points_Recommendations.csv,Mission_8,,,d2b7e9c0-231d-4e80-bc00-b44c74b82e1a,1,,,Summary
7,intel network operation operation threat incident cyber intel security security cyber operation threat incident system security system assessment threat threat intel cyber cyber operation system,,Summary,,,,FFIRs_Friction_Points_Recommendations.csv,Mission_8,,,875e7256-06b6-4bb0-9ccc-095b8d7412fe,2,,,Summary
7,operation system operation assessment assessment cyber security response response threat system assessment security response response system threat cyber operation incident incident intel threat intel response,,Summary,,,,FFIRs_Friction_Points_Recommendations.csv,Mission_8,,,5d6e5a98-56fb-4998-981f-db918d04e193,3,,,Summary
7,intel response system threat system intel operation security cyber incident security,,Summary,,,,FFIRs_Friction_Points_Recommendations.csv,Mission_8,,,11741eac-b688-4b68-add6-19804cf537e1,4,,,Summary
8,threat assessment threat response intel system security threat network operation intel assessment network response threat cyber network network threat incident cyber assessment cyber response incident,,FFIR,,,,FFIRs_Friction_Points_Recommendations.csv,Mission_9,,,15a649da-b118-4a68-9939-268708916bfa,1,,,FFIR
8,response incident security network system threat system threat threat response assessment cyber incident incident assessment assessment security security response network incident operation operation system network,,FFIR,,,,FFIRs_Friction_Points_Recommendations.csv,Mission_9,,,48cab337-df44-4d73-b512-a59928fe19f2,2,,,FFIR
8,system network assessment intel threat incident cyber cyber threat operation network threat security network network response assessment system system intel intel operation security assessment operation,,FFIR,,,,FFIRs_Friction_Points_Recommendations.csv,Mission_9,,,49ee45b1-39f1-4302-b660-28285bd77ce8,3,,,FFIR
8,assessment operation cyber network intel response response response system incident system,,FFIR,,,,FFIRs_Friction_Points_Recommendations.csv,Mission_9,,,3f4cbdcb-9a3e-4a6d-a20c-0773fb0cd81b,4,,,FFIR
8,cyber security cyber system network incident cyber operation incident security security assessment system system system incident security cyber incident cyber cyber operation network security response,,Friction_Point,,,,FFIRs_Friction_Points_Recommendations.csv,Mission_9,,,602546b9-c2cf-48e8-bef4-0f3a16c0d260,1,,,Friction_Point
8,security response intel assessment intel response assessment assessment operation security threat response security threat security system assessment incident intel cyber intel assessment incident operation threat,,Friction_Point,,,,FFIRs_Friction_Points_Recommendations.csv,Mission_9,,,a130cc02-14bb-4e00-b0f5-fc14c58cb460,2,,,Friction_Point
8,operation threat threat security response response intel assessment assessment incident operation intel threat system security security assessment response security network security incident assessment security system,,Friction_Point,,,,FFIRs_Friction_Points_Recommendations.csv,Mission_9,,,94a3ba01-cfc6-4164-8106-7bdc6cbf4024,3,,,Friction_Point
8,security system system operation cyber system threat response intel operation incident,,Friction_Point,,,,FFIRs_Friction_Points_Recommendations.csv,Mission_9,,,979dc78b-2cf6-402f-a3eb-06157e8c1f9a,4,,,Friction_Point
8,intel response intel incident response cyber threat assessment assessment response network cyber intel threat response threat operation response security intel response assessment operation response intel,,Recommendation,,,,FFIRs_Friction_Points_Recommendations.csv,Mission_9,,,252f9f91-6a03-485a-b696-0b3da4fcf13d,1,,,Recommendation
8,response intel incident threat security assessment threat assessment operation cyber operation response threat threat cyber operation security assessment response system threat security response incident security,,Recommendation,,,,FFIRs_Friction_Points_Recommendations.csv,Mission_9,,,56b5e118-f6a6-4a59-a5e7-1516a41bc2d0,2,,,Recommendation
8,incident security threat intel response assessment incident response intel incident assessment assessment intel threat network threat network incident cyber intel assessment intel operation assessment response,,Recommendation,,,,FFIRs_Friction_Points_Recommendations.csv,Mission_9,,,841106c4-ade3-4616-beba-178989aa084c,3,,,Recommendation
8,assessment response cyber operation operation network security cyber response response cyber,,Recommendation,,,,FFIRs_Friction_Points_Recommendations.csv,Mission_9,,,89ebc325-4acc-47bd-b148-71b326d290a7,4,,,Recommendation
8,network operation response intel assessment response threat intel assessment incident operation intel assessment response intel intel assessment network operation response incident security operation security intel,,Observation,,,,FFIRs_Friction_Points_Recommendations.csv,Mission_9,,,901960f2-9388-47f6-ae36-9eb6aafe181e,1,,,Observation
8,security intel response threat response response security network threat intel intel cyber response operation assessment operation intel operation security system cyber threat cyber threat intel,,Observation,,,,FFIRs_Friction_Points_Recommendations.csv,Mission_9,,,90d8f750-0536-4f5b-8cc6-80de0a87c040,2,,,Observation
8,threat intel system security security operation cyber assessment cyber response cyber incident network intel network assessment assessment response network intel response incident cyber response incident,,Observation,,,,FFIRs_Friction_Points_Recommendations.csv,Mission_9,,,1225b76a-bbe0-4700-9cc7-4385bc5d18ff,3,,,Observation
8,response incident incident response threat incident assessment intel security intel system,,Observation,,,,FFIRs_Friction_Points_Recommendations.csv,Mission_9,,,15480e1b-5b25-451c-bb27-b62d8bfbd402,4,,,Observation
8,response intel assessment incident incident operation incident network network threat response intel assessment system threat assessment threat incident system threat network incident operation system system,,Action_Item,,,,FFIRs_Friction_Points_Recommendations.csv,Mission_9,,,3dd1478e-53d1-451c-90b8-0ffdfc71341a,1,,,Action_Item
8,system system cyber operation cyber response response response network threat assessment system assessment intel assessment threat operation threat intel network operation cyber network intel incident,,Action_Item,,,,FFIRs_Friction_Points_Recommendations.csv,Mission_9,,,b291c6c8-a37d-402e-8658-f6cf51975e8c,2,,,Action_Item
8,intel incident system network operation cyber intel operation cyber intel system cyber response security threat assessment security cyber assessment cyber response intel threat security network,,Action_Item,,,,FFIRs_Friction_Points_Recommendations.csv,Mission_9,,,be3c56c6-b294-429b-863b-916a508e5c27,3,,,Action_Item
8,security network intel network incident intel system response security threat operation,,Action_Item,,,,FFIRs_Friction_Points_Recommendations.csv,Mission_9,,,40e53aa1-6146-42c8-9cdb-9a4abb189bc8,4,,,Action_Item
8,response response response incident system assessment intel response incident response response security operation cyber threat security threat network security incident operation intel threat cyber security,,Summary,,,,FFIRs_Friction_Points_Recommendations.csv,Mission_9,,,52bdc5cd-5425-401a-8254-3173fe66c820,1,,,Summary
8,cyber security system assessment intel incident cyber security cyber security operation network intel threat cyber response cyber assessment cyber network response operation assessment assessment cyber,,Summary,,,,FFIRs_Friction_Points_Recommendations.csv,Mission_9,,,659d851e-d604-440a-93bd-c671d5fbe6cd,2,,,Summary
8,assessment cyber response cyber intel intel cyber security incident incident operation threat operation threat response response operation cyber incident network incident security operation intel threat,,Summary,,,,FFIRs_Friction_Points_Recommendations.csv,Mission_9,,,1f24522a-72c5-4810-a2be-f725c20b7817,3,,,Summary
8,intel threat assessment security intel security intel incident system security assessment,,Summary,,,,FFIRs_Friction_Points_Recommendations.csv,Mission_9,,,97820820-bf6b-44f7-9d96-dd903aa77350,4,,,Summary
9,security threat threat security system threat intel operation intel system incident assessment cyber operation network intel operation response incident security system assessment operation response cyber,,FFIR,,,,FFIRs_Friction_Points_Recommendations.csv,Mission_10,,,1faff318-c27b-4371-8065-9fd27b972247,1,,,FFIR
9,response cyber response incident cyber operation system system security system cyber response intel security incident incident security cyber network intel intel system security network system,,FFIR,,,,FFIRs_Friction_Points_Recommendations.csv,Mission_10,,,926576d0-7563-43a8-a0fe-d64c702265b1,2,,,FFIR
9,network system incident threat intel security threat operation incident threat incident intel cyber assessment threat intel response incident security incident security security cyber response response,,FFIR,,,,FFIRs_Friction_Points_Recommendations.csv,Mission_10,,,857d6ea1-542c-43b8-82da-aa80f956612f,3,,,FFIR
9,response response operation security security intel intel security operation cyber intel,,FFIR,,,,FFIRs_Friction_Points_Recommendations.csv,Mission_10,,,3cda089b-5321-4af1-8817-ff630f639db1,4,,,FFIR
9,operation cyber incident security assessment intel incident incident operation operation operation operation assessment network intel incident system cyber incident incident threat intel assessment response incident,,Friction_Point,,,,FFIRs_Friction_Points_Recommendations.csv,Mission_10,,,34203596-53fb-4b2e-96bb-8817651a50af,1,,,Friction_Point
9,response incident network intel assessment operation system assessment operation assessment threat security network network response security threat cyber assessment system assessment network response cyber threat,,Friction_Point,,,,FFIRs_Friction_Points_Recommendations.csv,Mission_10,,,34bb6da7-7b0b-470e-a84c-2d71e0db6d24,2,,,Friction_Point
9,cyber threat security network assessment intel incident threat cyber threat assessment response response response assessment operation response intel security threat network security system threat operation,,Friction_Point,,,,FFIRs_Friction_Points_Recommendations.csv,Mission_10,,,fbd59dea-ac1e-427e-b8dc-ad1e7c3f7ca6,3,,,Friction_Point
9,threat operation network threat response incident intel incident network threat threat,,Friction_Point,,,,FFIRs_Friction_Points_Recommendations.csv,Mission_10,,,91cd6f73-5160-47a5-8701-5d541dce0000,4,,,Friction_Point
9,threat network assessment threat security operation assessment threat threat operation security response threat threat incident assessment security network system incident incident security network security incident,,Recommendation,,,,FFIRs_Friction_Points_Recommendations.csv,Mission_10,,,07c9d5c4-3b99-4c2e-9df0-f2ac2b24e234,1,,,Recommendation
9,security incident security network incident assessment threat cyber network response network response operation incident operation operation security incident network threat system system operation threat incident,,Recommendation,,,,FFIRs_Friction_Points_Recommendations.csv,Mission_10,,,aba19355-c684-4f78-853b-c66759735262,2,,,Recommendation
9,threat incident assessment operation intel network system cyber incident assessment operation response system intel intel assessment intel incident incident assessment cyber intel network network system,,Recommendation,,,,FFIRs_Friction_Points_Recommendations.csv,Mission_10,,,c0a53e35-a828-4bae-b276-7ee56c368d64,3,,,Recommendation
9,network system threat security cyber threat intel threat system system threat,,Recommendation,,,,FFIRs_Friction_Points_Recommendations.csv,Mission_10,,,58776b1e-a6f2-46fb-ba04-90c24bd26225,4,,,Recommendation
9,intel cyber response intel incident security security operation intel network operation response threat threat intel cyber intel security operation intel incident network response operation security,,Observation,,,,FFIRs_Friction_Points_Recommendations.csv,Mission_10,,,9828c5ad-1e9f-496f-8e33-e6c7f81f4119,1,,,Observation
9,operation security intel intel operation security operation security assessment intel security intel cyber security cyber system network system security security response system intel system operation,,Observation,,,,FFIRs_Friction_Points_Recommendations.csv,Mission_10,,,16c0d369-58b7-4d73-82ea-9e1ec801c370,2,,,Observation
9,system operation cyber cyber intel response assessment assessment incident security cyber incident assessment threat network incident response network operation system threat assessment system assessment system,,Observation,,,,FFIRs_Friction_Points_Recommendations.csv,Mission_10,,,1e91bc01-42dc-422f-847c-7635ecb98b7b,3,,,Observation
9,assessment system network intel response incident network incident response cyber cyber,,Observation,,,,FFIRs_Friction_Points_Recommendations.csv,Mission_10,,,e7dcdf0b-67db-4d6b-8ff2-c65c7ed2584d,4,,,Observation
9,assessment assessment threat operation response network system intel operation system response intel threat system security incident incident response system assessment assessment assessment incident cyber threat,,Action_Item,,,,FFIRs_Friction_Points_Recommendations.csv,Mission_10,,,8539390e-468e-4538-9c2f-567f889326e6,1,,,Action_Item
9,cyber threat intel cyber response operation response response incident assessment network threat network security assessment incident security response security assessment threat incident network response threat,,Action_Item,,,,FFIRs_Friction_Points_Recommendations.csv,Mission_10,,,45bb5e4e-1700-4a25-a24b-4bba1b0bb885,2,,,Action_Item
9,response threat response assessment intel intel threat response intel assessment security security cyber operation incident intel incident security threat assessment cyber network threat response intel,,Action_Item,,,,FFIRs_Friction_Points_Recommendations.csv,Mission_10,,,ca0d8f5d-698d-4cc9-bda9-9482caca6faf,3,,,Action_Item
9,response intel security security system response threat response intel system network,,Action_Item,,,,FFIRs_Friction_Points_Recommendations.csv,Mission_10,,,ec01ebf9-9b9b-4d78-b8f9-0c5768657fa6,4,,,Action_Item
9,intel operation assessment operation system assessment network response security response response threat system incident assessment security incident response cyber operation network response response system incident,,Summary,,,,FFIRs_Friction_Points_Recommendations.csv,Mission_10,,,e1027672-6965-43ed-bc9c-dc878ce1a02c,1,,,Summary
9,system incident network assessment cyber operation cyber response assessment intel operation intel assessment operation system assessment system incident incident threat intel response network network intel,,Summary,,,,FFIRs_Friction_Points_Recommendations.csv,Mission_10,,,44c24d9a-0a60-40d1-bbec-ec12613216f4,2,,,Summary
9,network intel network cyber network response network operation network network system operation threat response security incident intel operation intel system network cyber system cyber security,,Summary,,,,FFIRs_Friction_Points_Recommendations.csv,Mission_10,,,267d5b24-acae-48a4-8ff3-6ef1b3b9be7e,3,,,Summary
9,cyber security system assessment threat system assessment operation assessment intel cyber,,Summary,,,,FFIRs_Friction_Points_Recommendations.csv,Mission_10,,,887e159b-c35f-4747-bd72-c18df1fb6d24,4,,,Summary
0,cyber response operation cyber operation cyber system cyber security system intel operation response security operation incident response threat assessment incident operation assessment threat operation intel,,Debrief_Focus_Point_Problem_Statement,,,,Tactical_Lessons_Learned.csv,Mission_1,,,e3f1c93b-e6eb-4bcb-861f-2d78bd1bb138,1,,,Debrief_Focus_Point_Problem_Statement
0,operation intel incident assessment operation operation threat system intel security network operation incident intel intel cyber network network security system operation incident security incident cyber,,Debrief_Focus_Point_Problem_Statement,,,,Tactical_Lessons_Learned.csv,Mission_1,,,2a0c3c4c-1b5c-43a7-88e0-03e58cf73f04,2,,,Debrief_Focus_Point_Problem_Statement
0,incident cyber network threat system cyber cyber response incident incident response assessment system threat incident system operation assessment intel cyber security network operation intel cyber,,Debrief_Focus_Point_Problem_Statement,,,,Tactical_Lessons_Learned.csv,Mission_1,,,af88ae71-6952-4462-966a-991b16b7776c,3,,,Debrief_Focus_Point_Problem_Statement
0,intel cyber response network cyber security intel operation operation response network,,Debrief_Focus_Point_Problem_Statement,,,,Tactical_Lessons_Learned.csv,Mission_1,,,88c7b290-9309-4f2d-911f-ba95999d642a,4,,,Debrief_Focus_Point_Problem_Statement
0,network intel intel incident cyber incident assessment assessment operation cyber incident operation response incident assessment response security operation security threat intel system incident network incident,,Contributing_Factors,,,,Tactical_Lessons_Learned.csv,Mission_1,,,a304182a-27df-40a7-ae85-e54c178026ff,1,,,Contributing_Factors
0,network incident system threat incident incident network response operation security operation assessment response response response threat assessment operation intel threat incident intel operation response assessment,,Contributing_Factors,,,,Tactical_Lessons_Learned.csv,Mission_1,,,e21e4b8a-fe52-4c58-9470-4a52fff85105,2,,,Contributing_Factors
0,response assessment intel operation network incident intel response network intel incident assessment security threat assessment threat intel operation network cyber operation network network security threat,,Contributing_Factors,,,,Tactical_Lessons_Learned.csv,Mission_1,,,124d0db8-9a64-46d3-99a4-6ccb93f6e1be,3,,,Contributing_Factors
0,security threat response assessment assessment cyber threat security security network network,,Contributing_Factors,,,,Tactical_Lessons_Learned.csv,Mission_1,,,c0c5e4ab-0ad3-45cc-accc-65ec1ae9d09c,4,,,Contributing_Factors
0,system assessment threat security assessment assessment security threat response system operation intel threat intel threat security system assessment assessment threat operation cyber intel incident response,,Root_Cause,,,,Tactical_Lessons_Learned.csv,Mission_1,,,707deb25-6479-400a-92ad-3ee99f6079fa,1,,,Root_Cause
0,incident response threat operation system cyber system response assessment incident incident system network operation cyber response response system assessment incident system incident assessment network response,,Root_Cause,,,,Tactical_Lessons_Learned.csv,Mission_1,,,5ab5d9b0-69d3-4053-9d69-41518d11720c,2,,,Root_Cause
0,network response assessment security assessment incident response cyber network operation network threat cyber security security incident threat intel network network network incident intel intel cyber,,Root_Cause,,,,Tactical_Lessons_Learned.csv,Mission_1,,,f343b118-eeb8-44c3-9279-ef6b9a3707e6,3,,,Root_Cause
0,intel cyber operation threat incident incident system intel system intel security,,Root_Cause,,,,Tactical_Lessons_Learned.csv,Mission_1,,,bbfc3bca-16fa-4206-9341-341d854d6259,4,,,Root_Cause
0,security incident response intel security security system system cyber assessment operation response incident cyber cyber network intel cyber response assessment assessment incident system intel cyber,,Instructional_Fix,,,,Tactical_Lessons_Learned.csv,Mission_1,,,00fa2c7c-4cc1-46eb-8571-702ad476ad2f,1,,,Instructional_Fix
0,intel cyber cyber system cyber assessment response operation threat intel system cyber assessment system intel threat cyber intel assessment cyber cyber response network security assessment,,Instructional_Fix,,,,Tactical_Lessons_Learned.csv,Mission_1,,,128b6c57-ea9b-4336-bd0e-5b5446144de6,2,,,Instructional_Fix
0,security assessment system intel assessment intel threat response threat operation response intel assessment threat assessment response operation operation incident system intel threat operation intel system,,Instructional_Fix,,,,Tactical_Lessons_Learned.csv,Mission_1,,,12a11cc3-8860-4e9f-a052-0cc86777806a,3,,,Instructional_Fix
0,intel system threat intel system assessment intel system security operation security,,Instructional_Fix,,,,Tactical_Lessons_Learned.csv,Mission_1,,,ede3ff8b-6aa7-4da8-a5f3-a61d9366a683,4,,,Instructional_Fix
0,intel threat network threat incident threat cyber operation threat threat intel threat security operation security response assessment incident intel cyber response response system cyber system,,LL_LP_LO,,,,Tactical_Lessons_Learned.csv,Mission_1,,,a3ffb446-080f-4e00-ac21-481f7a303272,1,,,LL_LP_LO
0,cyber system assessment security response operation cyber response incident threat intel incident incident security intel intel response threat incident network operation system threat threat cyber,,LL_LP_LO,,,,Tactical_Lessons_Learned.csv,Mission_1,,,b3d07f54-b6b3-4636-9140-74bd40481f9e,2,,,LL_LP_LO
0,threat cyber threat network assessment network threat system network response cyber network assessment threat response system response operation cyber incident operation system response operation threat,,LL_LP_LO,,,,Tactical_Lessons_Learned.csv,Mission_1,,,ea892e13-65cd-4f9d-82ff-e3d338a2aa4b,3,,,LL_LP_LO
0,operation threat operation cyber assessment response assessment network network intel threat,,LL_LP_LO,,,,Tactical_Lessons_Learned.csv,Mission_1,,,fcb8d7b6-3db8-45ee-b874-200c14f3d958,4,,,LL_LP_LO
0,incident network cyber threat operation intel system cyber incident security cyber threat cyber cyber network operation operation operation assessment threat incident system cyber intel response,,DOTMLPFP_PAIC2,,,,Tactical_Lessons_Learned.csv,Mission_1,,,01e55a9d-a1b1-405e-b8f1-d660a9d234c3,1,,,DOTMLPFP_PAIC2
0,intel response threat intel cyber system system operation cyber system assessment incident operation security security operation response intel response security security security operation cyber operation,,DOTMLPFP_PAIC2,,,,Tactical_Lessons_Learned.csv,Mission_1,,,f2b8412f-8573-4463-bd1b-4734179e6e40,2,,,DOTMLPFP_PAIC2
0,cyber operation operation intel response threat intel assessment response threat network network operation assessment network system cyber network incident network network assessment system network operation,,DOTMLPFP_PAIC2,,,,Tactical_Lessons_Learned.csv,Mission_1,,,476e16d8-63df-4aee-81a3-10cc8bf9b22e,3,,,DOTMLPFP_PAIC2
0,network operation incident threat response system intel assessment system intel incident,,DOTMLPFP_PAIC2,,,,Tactical_Lessons_Learned.csv,Mission_1,,,82924e17-3083-4294-b58c-2e798b3b0e87,4,,,DOTMLPFP_PAIC2
0,cyber threat network intel intel intel assessment incident threat system incident threat threat intel threat system intel threat incident assessment security intel cyber intel incident,,Big_Rocks,,,,Tactical_Lessons_Learned.csv,Mission_1,,,91d1cb78-a550-4b27-9487-d958ba1e68e6,1,,,Big_Rocks
0,intel incident system response operation operation system assessment incident threat incident network response threat system cyber security incident security response assessment security incident intel incident,,Big_Rocks,,,,Tactical_Lessons_Learned.csv,Mission_1,,,1c5ae939-01ce-46bb-b233-a3e8952aa67d,2,,,Big_Rocks
0,intel incident system assessment security network system intel system threat response operation assessment incident cyber security cyber intel network intel response security network system security,,Big_Rocks,,,,Tactical_Lessons_Learned.csv,Mission_1,,,9293e64f-5250-4f96-95b8-b035749f4614,3,,,Big_Rocks
0,system security threat system network response system intel assessment threat intel,,Big_Rocks,,,,Tactical_Lessons_Learned.csv,Mission_1,,,e67d284c-9b19-4a13-ba1a-50d209ba10c6,4,,,Big_Rocks
1,assessment security intel operation intel network assessment threat operation operation response intel threat security network intel intel network threat system incident cyber operation system threat,,Debrief_Focus_Point_Problem_Statement,,,,Tactical_Lessons_Learned.csv,Mission_2,,,b3497345-b3e7-43cd-9487-7e9d8acd7a03,1,,,Debrief_Focus_Point_Problem_Statement
1,system threat incident intel system intel intel cyber operation security incident incident security security system response network response security response assessment system threat security operation,,Debrief_Focus_Point_Problem_Statement,,,,Tactical_Lessons_Learned.csv,Mission_2,,,7a60199b-7333-4640-a226-a7c9fd56f36c,2,,,Debrief_Focus_Point_Problem_Statement
1,security operation system network system security operation system network network incident security security incident threat intel security assessment intel threat network operation system threat intel,,Debrief_Focus_Point_Problem_Statement,,,,Tactical_Lessons_Learned.csv,Mission_2,,,f1fd8f61-4207-461f-a8df-767a9a813f00,3,,,Debrief_Focus_Point_Problem_Statement
1,threat intel network operation operation assessment system cyber security intel intel,,Debrief_Focus_Point_Problem_Statement,,,,Tactical_Lessons_Learned.csv,Mission_2,,,527d69be-2d4a-4fba-b8cd-1cb149de689d,4,,,Debrief_Focus_Point_Problem_Statement
1,threat system security security assessment response threat incident response assessment cyber response intel threat assessment cyber network network operation network system incident assessment system intel,,Contributing_Factors,,,,Tactical_Lessons_Learned.csv,Mission_2,,,04d0010c-2a6c-4286-8b84-805f39a78954,1,,,Contributing_Factors
1,system intel response system cyber incident operation operation assessment threat operation security security response threat network assessment response security network security incident network assessment system,,Contributing_Factors,,,,Tactical_Lessons_Learned.csv,Mission_2,,,8eb99c87-bbd7-4b96-8e6b-65f25c7ae8e5,2,,,Contributing_Factors
1,assessment system system security threat system system cyber network incident incident incident threat threat security cyber threat threat operation intel operation operation security assessment system,,Contributing_Factors,,,,Tactical_Lessons_Learned.csv,Mission_2,,,6cbeeef4-9240-4145-b0b6-4475573030e0,3,,,Contributing_Factors
1,assessment system network cyber threat network operation operation incident intel incident,,Contributing_Factors,,,,Tactical_Lessons_Learned.csv,Mission_2,,,77e680fa-3acd-4158-835b-f73ddfa18791,4,,,Contributing_Factors
1,security response assessment system threat threat response operation operation assessment assessment operation system intel threat network incident security cyber network assessment threat cyber threat security,,Root_Cause,,,,Tactical_Lessons_Learned.csv,Mission_2,,,a2336089-a501-4725-88ba-dad6aba634a7,1,,,Root_Cause
1,threat security response threat operation cyber operation cyber security threat assessment assessment system assessment system cyber network operation threat system assessment network incident operation incident,,Root_Cause,,,,Tactical_Lessons_Learned.csv,Mission_2,,,dbeafb2e-7ad3-4c55-a1e0-52de45b34f87,2,,,Root_Cause
1,operation incident assessment response threat cyber operation system response threat network operation operation intel operation system system threat intel network assessment security cyber security intel,,Root_Cause,,,,Tactical_Lessons_Learned.csv,Mission_2,,,76ff15b3-d7c4-467a-860d-48dcacd66f9b,3,,,Root_Cause
1,security intel intel threat network system security security incident intel intel,,Root_Cause,,,,Tactical_Lessons_Learned.csv,Mission_2,,,232c3faa-3fe1-49f0-b6a4-4d30634cec74,4,,,Root_Cause
1,incident incident incident network cyber operation network threat response system system threat operation security security assessment threat operation operation assessment intel incident response response intel,,Instructional_Fix,,,,Tactical_Lessons_Learned.csv,Mission_2,,,3ef35576-1600-4fa1-b78b-933bb639bb2c,1,,,Instructional_Fix
1,response intel incident intel operation response threat assessment operation operation operation network cyber intel intel threat incident intel cyber system system assessment intel intel system,,Instructional_Fix,,,,Tactical_Lessons_Learned.csv,Mission_2,,,9aba1c79-5e9d-48ff-a0af-bed3f7529a01,2,,,Instructional_Fix
1,intel system network threat system threat intel cyber intel cyber operation cyber security operation response system intel operation cyber assessment intel network response intel system,,Instructional_Fix,,,,Tactical_Lessons_Learned.csv,Mission_2,,,6a96b7e1-382c-489d-9d8b-07c9cd999358,3,,,Instructional_Fix
1,intel system incident assessment security incident network response network network incident,,Instructional_Fix,,,,Tactical_Lessons_Learned.csv,Mission_2,,,06035832-10c1-446f-a9dd-d577b8d58393,4,,,Instructional_Fix
1,threat system threat intel security threat network assessment cyber response intel response intel network intel incident response security response assessment incident intel assessment incident security,,LL_LP_LO,,,,Tactical_Lessons_Learned.csv,Mission_2,,,43b34913-0f3d-41a2-bfd7-5f2ac3f90b0c,1,,,LL_LP_LO
1,incident security network cyber assessment response network network incident assessment operation cyber network assessment network threat network cyber threat threat incident threat network assessment response,,LL_LP_LO,,,,Tactical_Lessons_Learned.csv,Mission_2,,,126de9c0-d8da-4a11-b2b4-2ab8ce4c2c3c,2,,,LL_LP_LO
1,assessment response intel incident cyber system intel assessment network network security system incident cyber network threat incident intel response security network operation system system system,,LL_LP_LO,,,,Tactical_Lessons_Learned.csv,Mission_2,,,9993a565-ccb0-4b7f-963c-30b27f92a3d9,3,,,LL_LP_LO
1,system system assessment security network cyber operation incident network incident security,,LL_LP_LO,,,,Tactical_Lessons_Learned.csv,Mission_2,,,0d99e158-85ee-49a7-bdac-3a6c379e9ba0,4,,,LL_LP_LO
1,assessment assessment security assessment incident response operation operation operation operation intel security security threat assessment system operation incident threat security incident incident incident cyber operation,,DOTMLPFP_PAIC2,,,,Tactical_Lessons_Learned.csv,Mission_2,,,ff04759a-a900-4a11-99be-03a963982cec,1,,,DOTMLPFP_PAIC2
1,cyber operation incident threat security intel operation incident assessment network security intel network operation system system incident system threat response cyber network operation incident system,,DOTMLPFP_PAIC2,,,,Tactical_Lessons_Learned.csv,Mission_2,,,5966fdc0-14e5-401d-bc75-ecaf12452ecc,2,,,DOTMLPFP_PAIC2
1,incident system threat assessment assessment network threat system incident operation response assessment operation operation threat network assessment response assessment network network operation system assessment assessment,,DOTMLPFP_PAIC2,,,,Tactical_Lessons_Learned.csv,Mission_2,,,52d075c8-c1c8-49ee-b6d9-7fd65bfe34aa,3,,,DOTMLPFP_PAIC2
1,assessment assessment response operation system system assessment security network system threat,,DOTMLPFP_PAIC2,,,,Tactical_Lessons_Learned.csv,Mission_2,,,f38b5102-0199-4091-90d7-7e64a99bb38a,4,,,DOTMLPFP_PAIC2
1,security system response network incident response system system cyber assessment network network threat network operation incident threat intel cyber intel system intel cyber intel assessment,,Big_Rocks,,,,Tactical_Lessons_Learned.csv,Mission_2,,,3c7fcb70-afc5-4e45-bd3a-8e613ccc038e,1,,,Big_Rocks
1,intel assessment assessment incident assessment intel incident incident cyber response operation operation system threat threat operation threat cyber intel cyber security intel threat operation network,,Big_Rocks,,,,Tactical_Lessons_Learned.csv,Mission_2,,,d4c763d5-a336-4e5c-aee1-bfcacc649b74,2,,,Big_Rocks
1,operation network system security security cyber cyber response incident response operation system cyber system system intel cyber threat network cyber incident response network network response,,Big_Rocks,,,,Tactical_Lessons_Learned.csv,Mission_2,,,c6ecd2e1-b66d-4f66-a90c-751e7fd7107d,3,,,Big_Rocks
1,network response incident network system network response system operation network network,,Big_Rocks,,,,Tactical_Lessons_Learned.csv,Mission_2,,,d65c645a-744e-4239-b128-e8c8e31ac154,4,,,Big_Rocks
2,operation network system threat assessment incident incident response assessment security response operation incident operation assessment response intel response threat network network assessment system cyber security,,Debrief_Focus_Point_Problem_Statement,,,,Tactical_Lessons_Learned.csv,Mission_3,,,f3207207-d475-4b2d-81c5-952b35258cd9,1,,,Debrief_Focus_Point_Problem_Statement
2,cyber security network operation incident response threat intel cyber incident operation cyber incident security system cyber assessment incident threat assessment response incident threat security assessment,,Debrief_Focus_Point_Problem_Statement,,,,Tactical_Lessons_Learned.csv,Mission_3,,,74609a64-b5dd-481d-b37c-45459e3a3542,2,,,Debrief_Focus_Point_Problem_Statement
2,security assessment threat incident security operation network intel cyber network assessment assessment network incident threat security incident threat threat threat intel security assessment threat system,,Debrief_Focus_Point_Problem_Statement,,,,Tactical_Lessons_Learned.csv,Mission_3,,,5b5c9c67-c0b7-4922-aa7c-235acd98706f,3,,,Debrief_Focus_Point_Problem_Statement
2,threat system response security cyber incident operation response security incident operation,,Debrief_Focus_Point_Problem_Statement,,,,Tactical_Lessons_Learned.csv,Mission_3,,,3e95ebd0-f50d-422c-aea9-60326f7bfbc6,4,,,Debrief_Focus_Point_Problem_Statement
2,response response network security threat operation incident threat intel system network network system system system operation intel operation intel threat intel intel security assessment incident,,Contributing_Factors,,,,Tactical_Lessons_Learned.csv,Mission_3,,,fb8bfcc3-da4d-49d0-8bd8-caac355b70f0,1,,,Contributing_Factors
2,assessment incident response assessment cyber security cyber assessment response network security intel cyber assessment network security network security operation network assessment response threat security threat,,Contributing_Factors,,,,Tactical_Lessons_Learned.csv,Mission_3,,,04358b09-d576-4ace-9aa0-41016209dfe0,2,,,Contributing_Factors
2,security threat intel security incident incident security operation operation response network system intel system operation system incident threat threat incident operation response system cyber response,,Contributing_Factors,,,,Tactical_Lessons_Learned.csv,Mission_3,,,fa28e3fb-7f72-4af7-b745-5eaf91dc5f01,3,,,Contributing_Factors
2,cyber response intel incident cyber incident system threat intel cyber response,,Contributing_Factors,,,,Tactical_Lessons_Learned.csv,Mission_3,,,d9aeabe5-a6e9-4333-b4e4-218389c88201,4,,,Contributing_Factors
2,incident threat system network assessment response incident security intel security response threat response security security network system threat threat intel threat intel cyber response intel,,Root_Cause,,,,Tactical_Lessons_Learned.csv,Mission_3,,,d8766596-d1ef-4e7a-bafa-92d0f953a524,1,,,Root_Cause
2,response intel intel cyber operation network network assessment operation operation incident security intel operation system system response intel assessment security operation system security intel system,,Root_Cause,,,,Tactical_Lessons_Learned.csv,Mission_3,,,54be3f44-e43c-4589-98f6-e80b92213a50,2,,,Root_Cause
2,intel system threat operation response response threat operation incident incident intel intel cyber incident assessment operation cyber system network incident response threat security incident security,,Root_Cause,,,,Tactical_Lessons_Learned.csv,Mission_3,,,044b271d-012e-4650-8c5d-91a9ddf3036e,3,,,Root_Cause
2,incident security intel incident cyber system threat response cyber response response,,Root_Cause,,,,Tactical_Lessons_Learned.csv,Mission_3,,,988d8063-4a5e-468c-aecc-1b568349495a,4,,,Root_Cause
2,cyber response intel network system incident network intel operation operation response cyber response system security intel system assessment response cyber incident threat system system incident,,Instructional_Fix,,,,Tactical_Lessons_Learned.csv,Mission_3,,,97f3deeb-5f3b-435b-a81a-86e0d0393989,1,,,Instructional_Fix
2,system incident assessment operation incident cyber operation security incident intel operation response incident security security system intel operation intel network intel response security intel threat,,Instructional_Fix,,,,Tactical_Lessons_Learned.csv,Mission_3,,,7fc5983f-1359-4c60-82aa-829b83f66d42,2,,,Instructional_Fix
2,intel threat system operation system assessment cyber operation security system threat response assessment security response security network network network assessment threat security cyber cyber incident,,Instructional_Fix,,,,Tactical_Lessons_Learned.csv,Mission_3,,,6e8d27a7-0067-43b8-a04f-34755c2b9365,3,,,Instructional_Fix
2,cyber incident response threat security threat operation operation assessment intel cyber,,Instructional_Fix,,,,Tactical_Lessons_Learned.csv,Mission_3,,,78cd3784-35dd-4138-9afa-fca75855a92c,4,,,Instructional_Fix
2,operation response assessment threat system intel operation security incident threat network cyber security security intel operation operation network operation threat incident incident incident incident network,,LL_LP_LO,,,,Tactical_Lessons_Learned.csv,Mission_3,,,4c58238a-232d-45b7-a618-a9bf5f24a741,1,,,LL_LP_LO
2,incident network response system assessment response network cyber assessment assessment operation threat network network intel assessment intel system network intel system network cyber security security,,LL_LP_LO,,,,Tactical_Lessons_Learned.csv,Mission_3,,,c27dd4ba-f875-4c59-8d0b-1c05127a48d8,2,,,LL_LP_LO
2,security security threat incident intel cyber security response security threat security response threat operation network threat intel operation network system cyber incident assessment intel assessment,,LL_LP_LO,,,,Tactical_Lessons_Learned.csv,Mission_3,,,d725f634-88f9-4bb9-8062-5783eb9b46be,3,,,LL_LP_LO
2,intel assessment system assessment incident response threat system cyber operation incident,,LL_LP_LO,,,,Tactical_Lessons_Learned.csv,Mission_3,,,5943c6db-ec3c-4783-90de-805cd408c885,4,,,LL_LP_LO
2,cyber system network system operation network assessment assessment assessment security incident response response security intel intel security operation security threat assessment operation cyber response incident,,DOTMLPFP_PAIC2,,,,Tactical_Lessons_Learned.csv,Mission_3,,,edd87f92-0848-416d-9bc7-5876cf08262d,1,,,DOTMLPFP_PAIC2
2,response incident system security system operation threat threat cyber system security incident cyber system intel intel assessment network assessment operation threat assessment threat incident operation,,DOTMLPFP_PAIC2,,,,Tactical_Lessons_Learned.csv,Mission_3,,,8f6e1204-aed2-4dc8-ab14-483496600575,2,,,DOTMLPFP_PAIC2
2,incident operation assessment intel intel incident response security assessment security operation network system operation system threat network security security network incident network assessment security response,,DOTMLPFP_PAIC2,,,,Tactical_Lessons_Learned.csv,Mission_3,,,e70877cc-9fbe-4651-b825-54a7744de59c,3,,,DOTMLPFP_PAIC2
2,security response operation intel network cyber operation operation intel system incident,,DOTMLPFP_PAIC2,,,,Tactical_Lessons_Learned.csv,Mission_3,,,5c3e41a1-1ab3-4dfd-8aea-00609bd1f948,4,,,DOTMLPFP_PAIC2
2,operation intel network response assessment threat system security intel incident intel assessment system security response assessment threat system assessment incident response security threat intel incident,,Big_Rocks,,,,Tactical_Lessons_Learned.csv,Mission_3,,,b01e4704-bd88-4197-91ba-59fe68767b99,1,,,Big_Rocks
2,intel incident assessment threat security operation incident operation cyber cyber incident threat assessment response network incident response operation response network security network network incident operation,,Big_Rocks,,,,Tactical_Lessons_Learned.csv,Mission_3,,,61af43a1-7eba-468f-9cf7-3729af7a868c,2,,,Big_Rocks
2,incident operation response response intel operation system security network cyber cyber assessment assessment network response response network network incident network cyber threat assessment response operation,,Big_Rocks,,,,Tactical_Lessons_Learned.csv,Mission_3,,,66f6c361-42a5-4f8e-88b2-b8402eca31af,3,,,Big_Rocks
2,response operation system system response response network operation security cyber incident,,Big_Rocks,,,,Tactical_Lessons_Learned.csv,Mission_3,,,ca65bf89-9733-4cdb-9da2-fdfd09697cb5,4,,,Big_Rocks
3,system incident threat response incident cyber assessment cyber intel response system cyber incident security response security intel network response intel operation security security network operation,,Debrief_Focus_Point_Problem_Statement,,,,Tactical_Lessons_Learned.csv,Mission_4,,,99c50674-38e9-47d7-aafa-b9a47b17832f,1,,,Debrief_Focus_Point_Problem_Statement
3,network operation operation security security intel operation security intel incident network threat threat cyber response security system system system system network operation response operation assessment,,Debrief_Focus_Point_Problem_Statement,,,,Tactical_Lessons_Learned.csv,Mission_4,,,37d26fca-8f1d-46f0-a202-d9504a710de9,2,,,Debrief_Focus_Point_Problem_Statement
3,operation assessment system intel system network intel assessment threat intel intel response system system operation cyber assessment operation network network threat intel network incident network,,Debrief_Focus_Point_Problem_Statement,,,,Tactical_Lessons_Learned.csv,Mission_4,,,f0216621-4c97-4933-9f81-4a195113adc2,3,,,Debrief_Focus_Point_Problem_Statement
3,incident network security response security cyber response operation security assessment response,,Debrief_Focus_Point_Problem_Statement,,,,Tactical_Lessons_Learned.csv,Mission_4,,,220ea964-df4f-4a23-8a9c-ae68d30f582c,4,,,Debrief_Focus_Point_Problem_Statement
3,response threat system response system incident threat system system threat network response intel response assessment response incident response threat system intel cyber incident cyber incident,,Contributing_Factors,,,,Tactical_Lessons_Learned.csv,Mission_4,,,6c09ae13-fa17-400b-8a1f-f60b7675e2fd,1,,,Contributing_Factors
3,cyber incident assessment network operation cyber operation system network operation operation intel operation system incident operation cyber network network assessment system intel network network network,,Contributing_Factors,,,,Tactical_Lessons_Learned.csv,Mission_4,,,1660ac48-b530-4f78-88af-cc67ac50f4bb,2,,,Contributing_Factors
3,network network intel cyber system system incident threat cyber response cyber network threat threat security incident network network assessment network system network operation incident operation,,Contributing_Factors,,,,Tactical_Lessons_Learned.csv,Mission_4,,,b4457170-712b-49b9-b9f3-267d5baa172b,3,,,Contributing_Factors
3,incident operation cyber assessment response operation assessment cyber assessment incident security,,Contributing_Factors,,,,Tactical_Lessons_Learned.csv,Mission_4,,,7d92307a-614d-457a-8aed-6c3d6d062b20,4,,,Contributing_Factors
3,threat system cyber assessment system network assessment intel operation system cyber security network threat response cyber intel incident security security intel system security security incident,,Root_Cause,,,,Tactical_Lessons_Learned.csv,Mission_4,,,dadeb5c5-8208-48e1-bbf0-9395412f2737,1,,,Root_Cause
3,security incident intel security threat intel intel security network intel security cyber incident assessment threat security network system threat cyber system incident incident threat threat,,Root_Cause,,,,Tactical_Lessons_Learned.csv,Mission_4,,,19a9e627-c0fa-4bdf-ae6b-f233e37168d0,2,,,Root_Cause
3,threat threat assessment response threat threat assessment intel intel network security threat system operation response intel cyber operation security system assessment intel network intel intel,,Root_Cause,,,,Tactical_Lessons_Learned.csv,Mission_4,,,9016c3dd-92c0-4f4d-9792-703f37feea34,3,,,Root_Cause
3,intel intel assessment security intel operation security assessment assessment intel assessment,,Root_Cause,,,,Tactical_Lessons_Learned.csv,Mission_4,,,6a85766e-6731-49e1-8582-03a2f54125ac,4,,,Root_Cause
3,cyber incident network system cyber network incident incident threat security response cyber security system operation security response cyber response threat security intel response assessment intel,,Instructional_Fix,,,,Tactical_Lessons_Learned.csv,Mission_4,,,d7c05981-a3b6-4225-ae71-43438f7eabec,1,,,Instructional_Fix
3,assessment intel threat security security security threat cyber operation response threat system cyber assessment operation incident threat cyber network intel cyber security operation network assessment,,Instructional_Fix,,,,Tactical_Lessons_Learned.csv,Mission_4,,,45a345ec-5bc0-4951-a213-31f0b50656f1,2,,,Instructional_Fix
3,network assessment assessment network assessment assessment incident threat security intel system intel cyber cyber system assessment incident cyber network operation network threat system threat incident,,Instructional_Fix,,,,Tactical_Lessons_Learned.csv,Mission_4,,,d52883bd-0a8d-4a3f-b3ff-b03fa9292487,3,,,Instructional_Fix
3,threat incident network incident security threat incident operation operation incident threat,,Instructional_Fix,,,,Tactical_Lessons_Learned.csv,Mission_4,,,106b8710-f5ed-424e-a365-8068caf5535f,4,,,Instructional_Fix
3,intel system assessment security threat operation security system incident intel cyber intel network assessment response incident assessment assessment assessment intel security response response incident operation,,LL_LP_LO,,,,Tactical_Lessons_Learned.csv,Mission_4,,,a2489d57-6276-4056-aca6-b3a4b0c73d73,1,,,LL_LP_LO
3,incident operation threat system threat operation response intel system response system intel cyber security system intel response system system security security intel response operation operation,,LL_LP_LO,,,,Tactical_Lessons_Learned.csv,Mission_4,,,8452d0de-965c-4164-9cd5-160f8353b03b,2,,,LL_LP_LO
3,operation operation operation incident system response incident cyber threat system operation threat incident incident security intel threat operation incident system assessment incident network assessment network,,LL_LP_LO,,,,Tactical_Lessons_Learned.csv,Mission_4,,,2dcd82c0-7a53-4672-9d2f-f381b68effcb,3,,,LL_LP_LO
3,assessment network incident network cyber network system threat security threat network,,LL_LP_LO,,,,Tactical_Lessons_Learned.csv,Mission_4,,,67c82207-40d6-483e-b011-f0e3dbe61f6d,4,,,LL_LP_LO
3,security security operation cyber threat threat threat security threat network operation operation assessment response cyber operation intel operation security system security intel threat security intel,,DOTMLPFP_PAIC2,,,,Tactical_Lessons_Learned.csv,Mission_4,,,f2544db4-d511-4236-a9f5-6431639937f1,1,,,DOTMLPFP_PAIC2
3,security intel operation incident assessment operation cyber response threat operation response intel network assessment assessment cyber security security intel assessment assessment intel intel assessment response,,DOTMLPFP_PAIC2,,,,Tactical_Lessons_Learned.csv,Mission_4,,,3b25e32f-6780-47c6-948d-d212a18a2016,2,,,DOTMLPFP_PAIC2
3,assessment response security intel operation system operation response security assessment system network network incident response intel system cyber threat operation assessment security response system threat,,DOTMLPFP_PAIC2,,,,Tactical_Lessons_Learned.csv,Mission_4,,,ba1468f3-45ce-41ad-a66c-d355db228df0,3,,,DOTMLPFP_PAIC2
3,system threat system assessment network network assessment intel cyber incident response,,DOTMLPFP_PAIC2,,,,Tactical_Lessons_Learned.csv,Mission_4,,,da7663d3-7943-4540-8bbd-9987244a2d90,4,,,DOTMLPFP_PAIC2
3,intel threat system security cyber system response response cyber network assessment incident system response network security network assessment security threat response response security cyber threat,,Big_Rocks,,,,Tactical_Lessons_Learned.csv,Mission_4,,,76d2b4e3-2b31-45ac-9384-840483cc9d0c,1,,,Big_Rocks
3,cyber threat assessment assessment operation assessment threat threat system response system cyber assessment operation network assessment cyber security operation operation security network system assessment network,,Big_Rocks,,,,Tactical_Lessons_Learned.csv,Mission_4,,,68bfbd03-3920-4653-bb58-952f990df9f3,2,,,Big_Rocks
3,assessment network assessment system security incident operation system system system threat incident intel intel assessment network incident response system assessment security intel cyber assessment incident,,Big_Rocks,,,,Tactical_Lessons_Learned.csv,Mission_4,,,ff857b40-3645-477b-88e2-455217255f41,3,,,Big_Rocks
3,assessment incident security assessment threat threat assessment network operation network network,,Big_Rocks,,,,Tactical_Lessons_Learned.csv,Mission_4,,,899de47b-917a-43c7-b391-9f360e1eafa0,4,,,Big_Rocks
4,assessment incident threat response network security cyber operation response incident assessment assessment security incident cyber threat security operation cyber network threat incident network network incident,,Debrief_Focus_Point_Problem_Statement,,,,Tactical_Lessons_Learned.csv,Mission_5,,,01be2f2b-91e2-4200-a20a-4274f5a8aa68,1,,,Debrief_Focus_Point_Problem_Statement
4,network incident system system threat assessment operation network incident incident assessment response intel network operation system system security assessment intel security intel incident cyber cyber,,Debrief_Focus_Point_Problem_Statement,,,,Tactical_Lessons_Learned.csv,Mission_5,,,0cc3b116-ba07-4a48-9326-b817adae551d,2,,,Debrief_Focus_Point_Problem_Statement
4,cyber cyber system cyber assessment security system system intel assessment assessment assessment incident incident operation assessment assessment threat security response network threat incident security assessment,,Debrief_Focus_Point_Problem_Statement,,,,Tactical_Lessons_Learned.csv,Mission_5,,,bad8dbcb-8f6f-485f-910e-8090d391e1e9,3,,,Debrief_Focus_Point_Problem_Statement
4,security assessment system intel security network operation threat threat security network,,Debrief_Focus_Point_Problem_Statement,,,,Tactical_Lessons_Learned.csv,Mission_5,,,a4071077-b6fc-4c8c-a2ce-d8da9f79cf7e,4,,,Debrief_Focus_Point_Problem_Statement
4,security assessment security network response operation cyber incident cyber intel security network network incident threat operation network threat intel intel security threat system response network,,Contributing_Factors,,,,Tactical_Lessons_Learned.csv,Mission_5,,,3ad313cd-b8ea-43c0-8ebe-a56106680ead,1,,,Contributing_Factors
4,response network network system assessment response assessment intel network response intel security response cyber network threat intel operation intel system network operation incident incident intel,,Contributing_Factors,,,,Tactical_Lessons_Learned.csv,Mission_5,,,64ce493d-f078-413a-9351-337f85418b57,2,,,Contributing_Factors
4,incident intel threat threat intel network assessment operation system network intel network response incident network intel network intel security network threat cyber security network system,,Contributing_Factors,,,,Tactical_Lessons_Learned.csv,Mission_5,,,9fc30518-2d41-4a04-8cd7-1c83607ee104,3,,,Contributing_Factors
4,network system operation incident incident system cyber response assessment system cyber,,Contributing_Factors,,,,Tactical_Lessons_Learned.csv,Mission_5,,,9315400a-b4e0-4a41-9634-744131401072,4,,,Contributing_Factors
4,intel operation system incident intel threat operation assessment intel system threat incident operation response intel security cyber system operation response threat threat network cyber threat,,Root_Cause,,,,Tactical_Lessons_Learned.csv,Mission_5,,,41ff0adf-0acb-449f-bcb9-f35f86dd2b65,1,,,Root_Cause
4,cyber threat threat assessment network intel assessment network operation cyber response security intel incident cyber security operation assessment network incident system security security security response,,Root_Cause,,,,Tactical_Lessons_Learned.csv,Mission_5,,,b01bf2ca-ae6c-4c7f-8af0-480cadae72e9,2,,,Root_Cause
4,security response operation incident cyber security intel network assessment cyber intel security system incident intel security network system security cyber system security network intel network,,Root_Cause,,,,Tactical_Lessons_Learned.csv,Mission_5,,,327d90d3-ca9c-40a2-b2ca-78f1ffe2895d,3,,,Root_Cause
4,intel network response network system system incident assessment assessment threat threat,,Root_Cause,,,,Tactical_Lessons_Learned.csv,Mission_5,,,1ad5ed00-9799-4d0b-a070-d1fc212207e8,4,,,Root_Cause
4,cyber operation network cyber response cyber system cyber intel network network cyber assessment network operation threat incident intel incident cyber threat threat intel response threat,,Instructional_Fix,,,,Tactical_Lessons_Learned.csv,Mission_5,,,180bedbe-3a08-40af-9aa2-ae37f3285180,1,,,Instructional_Fix
4,response threat intel assessment incident system security threat network operation response cyber system cyber security response threat incident intel operation incident cyber incident assessment security,,Instructional_Fix,,,,Tactical_Lessons_Learned.csv,Mission_5,,,24ce3963-4238-4326-b914-02db8ea487b9,2,,,Instructional_Fix
4,assessment security security operation response network operation intel cyber incident cyber cyber security assessment system threat assessment response intel security response network threat response threat,,Instructional_Fix,,,,Tactical_Lessons_Learned.csv,Mission_5,,,1f3f56d0-9b58-4b2b-a46e-9658fc817ff4,3,,,Instructional_Fix
4,response threat response cyber intel assessment network intel response response assessment,,Instructional_Fix,,,,Tactical_Lessons_Learned.csv,Mission_5,,,766b4c2d-782e-4763-94db-7d9b29e2e7fa,4,,,Instructional_Fix
4,cyber system cyber response threat security incident cyber threat cyber intel assessment intel intel system system network incident incident threat security incident incident system intel,,LL_LP_LO,,,,Tactical_Lessons_Learned.csv,Mission_5,,,44c4180a-6416-476e-9d2b-bd2b4692103e,1,,,LL_LP_LO
4,system intel network threat intel network incident network incident system assessment incident network network network operation response incident threat intel operation network assessment response cyber,,LL_LP_LO,,,,Tactical_Lessons_Learned.csv,Mission_5,,,9daafcac-bcf8-4fa2-ab51-449061f84b13,2,,,LL_LP_LO
4,response cyber system incident intel operation assessment incident threat operation network cyber system intel response cyber assessment system response operation response threat intel security system,,LL_LP_LO,,,,Tactical_Lessons_Learned.csv,Mission_5,,,0a2e9880-caab-412b-b876-d1aa94831d01,3,,,LL_LP_LO
4,security system system incident security operation response incident system threat response,,LL_LP_LO,,,,Tactical_Lessons_Learned.csv,Mission_5,,,1e57a8f6-0355-4e66-9008-8cc94cbd9689,4,,,LL_LP_LO
4,operation operation network system security security operation intel network system assessment operation intel operation incident security incident cyber incident system security cyber threat intel operation,,DOTMLPFP_PAIC2,,,,Tactical_Lessons_Learned.csv,Mission_5,,,6ac22d5e-e479-4d00-957f-9fcb79867c1f,1,,,DOTMLPFP_PAIC2
4,intel operation response operation system assessment system intel threat network response network threat incident network operation incident operation system network system incident operation response security,,DOTMLPFP_PAIC2,,,,Tactical_Lessons_Learned.csv,Mission_5,,,4b18d6a3-8137-406d-862b-7c703bf53f1f,2,,,DOTMLPFP_PAIC2
4,response security intel incident assessment assessment operation operation network operation network operation incident operation operation network incident assessment operation response operation response intel incident system,,DOTMLPFP_PAIC2,,,,Tactical_Lessons_Learned.csv,Mission_5,,,85fe319c-bdbd-43a6-a9a2-56a76a8fdd77,3,,,DOTMLPFP_PAIC2
4,incident system assessment response network network operation operation cyber incident assessment,,DOTMLPFP_PAIC2,,,,Tactical_Lessons_Learned.csv,Mission_5,,,eb69e6a8-44f7-4c19-b452-e18fe5542863,4,,,DOTMLPFP_PAIC2
4,response intel incident network cyber security system system operation response incident operation threat assessment threat threat intel response assessment threat network system incident incident network,,Big_Rocks,,,,Tactical_Lessons_Learned.csv,Mission_5,,,b733101d-a84a-4c9b-a544-14d446ddbd3e,1,,,Big_Rocks
4,incident network system response system response assessment threat security intel threat security intel intel response operation system threat cyber cyber cyber cyber network security operation,,Big_Rocks,,,,Tactical_Lessons_Learned.csv,Mission_5,,,1963fe53-15a2-4efa-8520-933920c82693,2,,,Big_Rocks
4,security operation security network assessment cyber operation system threat system operation incident cyber network operation operation threat system assessment network intel intel incident threat operation,,Big_Rocks,,,,Tactical_Lessons_Learned.csv,Mission_5,,,db073589-cb56-4656-a776-cee328d6b9a7,3,,,Big_Rocks
4,threat operation threat incident incident cyber operation threat network incident threat,,Big_Rocks,,,,Tactical_Lessons_Learned.csv,Mission_5,,,ed231b5d-b0fd-42ee-8df4-d728f4274880,4,,,Big_Rocks
5,system security intel network threat cyber network network operation intel response security security intel network cyber assessment network assessment system assessment network assessment security cyber,,Debrief_Focus_Point_Problem_Statement,,,,Tactical_Lessons_Learned.csv,Mission_6,,,4064a295-1ba1-4d17-a9a5-1affe73767f7,1,,,Debrief_Focus_Point_Problem_Statement
5,security cyber network operation operation operation intel cyber response cyber assessment assessment network threat operation response security network incident incident response assessment cyber threat assessment,,Debrief_Focus_Point_Problem_Statement,,,,Tactical_Lessons_Learned.csv,Mission_6,,,c1642a24-fc57-42d7-89cf-de52e648d62e,2,,,Debrief_Focus_Point_Problem_Statement
5,threat assessment operation intel threat intel intel assessment assessment network response threat assessment assessment network network assessment network network network system operation cyber response cyber,,Debrief_Focus_Point_Problem_Statement,,,,Tactical_Lessons_Learned.csv,Mission_6,,,5bcda960-e2af-4da8-8f45-ad0bc3e633fa,3,,,Debrief_Focus_Point_Problem_Statement
5,response cyber security incident security threat cyber threat threat system network,,Debrief_Focus_Point_Problem_Statement,,,,Tactical_Lessons_Learned.csv,Mission_6,,,ac037b53-c20d-4157-84a8-032fc29c76f4,4,,,Debrief_Focus_Point_Problem_Statement
5,cyber operation security security incident threat response intel system system security response assessment intel threat operation assessment assessment operation assessment threat security incident threat network,,Contributing_Factors,,,,Tactical_Lessons_Learned.csv,Mission_6,,,42b2de1f-6685-43e6-803e-b58f4046213d,1,,,Contributing_Factors
5,threat network intel assessment cyber incident security incident network response intel intel assessment response cyber incident security cyber intel cyber incident response cyber assessment threat,,Contributing_Factors,,,,Tactical_Lessons_Learned.csv,Mission_6,,,b5d0abfd-bac2-4990-90a2-c6e6e5ccc2ed,2,,,Contributing_Factors
5,assessment threat network operation network operation cyber operation system network system intel cyber response response assessment threat operation security cyber system operation intel threat cyber,,Contributing_Factors,,,,Tactical_Lessons_Learned.csv,Mission_6,,,5ac299fd-028c-40e8-9aba-bda22c1883b1,3,,,Contributing_Factors
5,threat cyber security assessment incident operation operation intel threat response system,,Contributing_Factors,,,,Tactical_Lessons_Learned.csv,Mission_6,,,6e3d1e82-367a-45dc-8910-64055f29129c,4,,,Contributing_Factors
5,threat security intel assessment threat intel system assessment assessment operation threat network network system assessment threat system assessment assessment incident threat operation intel response threat,,Root_Cause,,,,Tactical_Lessons_Learned.csv,Mission_6,,,e66919cd-7712-40bb-9e4d-767aa01ce3ee,1,,,Root_Cause
5,response threat intel network assessment threat system network operation response network operation incident cyber network intel assessment threat system cyber intel intel network security threat,,Root_Cause,,,,Tactical_Lessons_Learned.csv,Mission_6,,,7ed846dd-921a-4c8e-a4ec-64c79e7807bb,2,,,Root_Cause
5,security threat cyber system intel operation operation operation cyber threat assessment system assessment cyber cyber threat assessment operation threat incident assessment system assessment threat intel,,Root_Cause,,,,Tactical_Lessons_Learned.csv,Mission_6,,,8899654a-24cf-43cf-91e5-74fd3ceea2a1,3,,,Root_Cause
5,threat intel response system operation network incident response assessment response threat,,Root_Cause,,,,Tactical_Lessons_Learned.csv,Mission_6,,,7f32fb52-6b8d-4bb1-8b59-b56fa9908cf4,4,,,Root_Cause
5,response intel system security system threat incident security intel network security security incident response response system security incident threat incident response response security threat response,,Instructional_Fix,,,,Tactical_Lessons_Learned.csv,Mission_6,,,f042f4dc-ef32-4270-92dc-3f97f648109d,1,,,Instructional_Fix
5,threat response security security system network threat network assessment network network security threat intel intel cyber assessment network intel threat network network cyber operation security,,Instructional_Fix,,,,Tactical_Lessons_Learned.csv,Mission_6,,,177bbbb9-cfd4-46d3-a2b8-70960ed2f6a1,2,,,Instructional_Fix
5,operation security assessment threat response cyber security security security incident response cyber operation assessment operation security incident incident cyber system response network threat operation incident,,Instructional_Fix,,,,Tactical_Lessons_Learned.csv,Mission_6,,,3cb6b517-9b18-4900-8b00-e60506558998,3,,,Instructional_Fix
5,operation incident intel incident network operation threat intel intel system response,,Instructional_Fix,,,,Tactical_Lessons_Learned.csv,Mission_6,,,1b1af73e-a928-4fc9-88bb-cba18e8dfc38,4,,,Instructional_Fix
5,cyber assessment response cyber operation cyber intel operation assessment threat cyber threat assessment assessment cyber threat intel cyber cyber assessment threat system intel incident response,,LL_LP_LO,,,,Tactical_Lessons_Learned.csv,Mission_6,,,6a5b529c-d1df-4524-b3cf-a51800c0eba6,1,,,LL_LP_LO
5,incident response response assessment security incident incident intel assessment incident incident intel network operation intel intel assessment network security intel intel assessment incident assessment intel,,LL_LP_LO,,,,Tactical_Lessons_Learned.csv,Mission_6,,,887da718-2035-440e-b5fe-f26704704b76,2,,,LL_LP_LO
5,assessment intel system system threat network operation operation system threat response security security operation network assessment threat assessment response incident incident cyber response response threat,,LL_LP_LO,,,,Tactical_Lessons_Learned.csv,Mission_6,,,8277b03b-dea2-4bf3-b91a-d48028019d01,3,,,LL_LP_LO
5,response threat security threat intel network threat assessment network intel cyber,,LL_LP_LO,,,,Tactical_Lessons_Learned.csv,Mission_6,,,803e61e6-ee53-4963-90db-05b72ba46c85,4,,,LL_LP_LO
5,security security network system cyber security operation assessment threat response response cyber assessment response security intel cyber security network cyber security response security cyber threat,,DOTMLPFP_PAIC2,,,,Tactical_Lessons_Learned.csv,Mission_6,,,9e1f8212-6c96-48ad-bc06-f2bdb6d33c08,1,,,DOTMLPFP_PAIC2
5,cyber threat response assessment assessment network threat security incident cyber threat system system assessment security system system system incident assessment security cyber operation operation cyber,,DOTMLPFP_PAIC2,,,,Tactical_Lessons_Learned.csv,Mission_6,,,ff97268a-d12c-4630-8908-9edc2723baac,2,,,DOTMLPFP_PAIC2
5,operation cyber assessment response system security network incident cyber security system cyber security incident incident system assessment security incident response system operation assessment threat cyber,,DOTMLPFP_PAIC2,,,,Tactical_Lessons_Learned.csv,Mission_6,,,f4bfd2bd-f1f9-4afb-8286-34e0b6ca7493,3,,,DOTMLPFP_PAIC2
5,threat cyber intel operation cyber response operation threat operation response cyber,,DOTMLPFP_PAIC2,,,,Tactical_Lessons_Learned.csv,Mission_6,,,a2025222-60d3-4741-8e87-aa7f1a48cd2d,4,,,DOTMLPFP_PAIC2
5,intel threat network incident incident security operation intel operation threat system response threat operation assessment system intel operation cyber cyber system operation incident cyber response,,Big_Rocks,,,,Tactical_Lessons_Learned.csv,Mission_6,,,0e346c6e-8dff-4238-a8d1-c70ab87a9675,1,,,Big_Rocks
5,cyber response system threat incident operation intel system incident intel system response threat system operation cyber operation network network network system response network operation incident,,Big_Rocks,,,,Tactical_Lessons_Learned.csv,Mission_6,,,60455433-6541-4edf-9976-d8ea5fcddbeb,2,,,Big_Rocks
5,operation incident cyber network incident network system incident network incident security operation response assessment security incident response operation operation assessment intel system response network cyber,,Big_Rocks,,,,Tactical_Lessons_Learned.csv,Mission_6,,,b3bf0ba5-fc85-49b3-953a-3dd76ed6fcbf,3,,,Big_Rocks
5,network cyber intel threat assessment response assessment intel assessment operation threat,,Big_Rocks,,,,Tactical_Lessons_Learned.csv,Mission_6,,,0ae476dd-fe81-40dd-a48b-ce44461992b9,4,,,Big_Rocks
6,cyber response security intel response cyber cyber cyber network incident operation incident threat security incident operation intel network cyber cyber system response operation intel response,,Debrief_Focus_Point_Problem_Statement,,,,Tactical_Lessons_Learned.csv,Mission_7,,,143bc4c5-bbc5-4629-b9d9-5ad59f882cdc,1,,,Debrief_Focus_Point_Problem_Statement
6,intel response response cyber intel assessment network operation cyber threat intel security response response network response intel security threat network incident response assessment network incident,,Debrief_Focus_Point_Problem_Statement,,,,Tactical_Lessons_Learned.csv,Mission_7,,,c7c9e73d-3da4-4398-8e81-45a345c87a04,2,,,Debrief_Focus_Point_Problem_Statement
6,network incident system threat network response incident security network threat security incident network intel network assessment threat incident intel security cyber security intel threat intel,,Debrief_Focus_Point_Problem_Statement,,,,Tactical_Lessons_Learned.csv,Mission_7,,,62117b2b-3e9f-4795-8405-8d8e3a91f54a,3,,,Debrief_Focus_Point_Problem_Statement
6,threat intel system response security response threat cyber intel incident operation,,Debrief_Focus_Point_Problem_Statement,,,,Tactical_Lessons_Learned.csv,Mission_7,,,ffd1b4b4-1079-42f4-9056-57c4c45e6b7c,4,,,Debrief_Focus_Point_Problem_Statement
6,system response security network assessment assessment security security threat threat cyber assessment response assessment intel cyber intel network intel security assessment network incident security system,,Contributing_Factors,,,,Tactical_Lessons_Learned.csv,Mission_7,,,78fd049f-4b10-4ff5-90ce-3f7406af3217,1,,,Contributing_Factors
6,security system incident intel assessment intel response threat cyber security incident network operation intel operation security network intel threat incident response network system cyber operation,,Contributing_Factors,,,,Tactical_Lessons_Learned.csv,Mission_7,,,3d3153b6-5d44-483e-8189-ad53c998f7da,2,,,Contributing_Factors
6,cyber operation system threat incident threat security security assessment cyber security intel response assessment network security cyber assessment response response system response intel cyber incident,,Contributing_Factors,,,,Tactical_Lessons_Learned.csv,Mission_7,,,7db1e367-72c8-46bf-991c-f114d7253703,3,,,Contributing_Factors
6,cyber incident cyber cyber security system system response network assessment incident,,Contributing_Factors,,,,Tactical_Lessons_Learned.csv,Mission_7,,,39c2dd25-436b-4e39-8d38-f49d9e089585,4,,,Contributing_Factors
6,response network threat network network security cyber network operation system incident threat cyber security threat intel threat security threat cyber operation threat intel security assessment,,Root_Cause,,,,Tactical_Lessons_Learned.csv,Mission_7,,,8eb0bb2b-3a81-4145-941f-64e906ca2f1e,1,,,Root_Cause
6,security assessment network security intel intel cyber response assessment system system assessment intel threat threat assessment security security incident system system security system cyber incident,,Root_Cause,,,,Tactical_Lessons_Learned.csv,Mission_7,,,cdeb5656-1755-44ca-a89c-b28dbe1de30f,2,,,Root_Cause
6,cyber incident assessment cyber threat network response intel cyber incident security security response system assessment operation intel cyber operation intel intel network assessment system assessment,,Root_Cause,,,,Tactical_Lessons_Learned.csv,Mission_7,,,0f6c7612-e9a3-4636-9c77-f192599c299d,3,,,Root_Cause
6,system assessment network security intel security intel assessment operation security assessment,,Root_Cause,,,,Tactical_Lessons_Learned.csv,Mission_7,,,fc47fd1b-e93e-4005-a20c-b52806f60d7a,4,,,Root_Cause
6,response network network intel assessment network intel cyber response system incident response intel system intel intel security threat assessment cyber threat cyber assessment cyber response,,Instructional_Fix,,,,Tactical_Lessons_Learned.csv,Mission_7,,,4e0a52c4-d54c-4f7e-b015-c14ad394a28b,1,,,Instructional_Fix
6,cyber response response network system security security network network operation incident operation response network system network assessment incident security cyber system incident incident incident cyber,,Instructional_Fix,,,,Tactical_Lessons_Learned.csv,Mission_7,,,b36823a3-c95f-41dd-a1e3-644f9c7bb0a9,2,,,Instructional_Fix
6,incident cyber threat intel system incident system cyber intel intel response incident intel operation threat cyber operation network system cyber operation network response threat system,,Instructional_Fix,,,,Tactical_Lessons_Learned.csv,Mission_7,,,62ed9081-6d24-429f-bec2-45c30629fc89,3,,,Instructional_Fix
6,threat system threat network system network cyber response incident assessment threat,,Instructional_Fix,,,,Tactical_Lessons_Learned.csv,Mission_7,,,07a4a988-872c-4156-9b4a-62c0f63ae982,4,,,Instructional_Fix
6,system cyber response system network intel intel incident operation network network cyber operation cyber operation threat system incident intel network intel security response response incident,,LL_LP_LO,,,,Tactical_Lessons_Learned.csv,Mission_7,,,251bf306-0103-4215-9e29-677f2d156a21,1,,,LL_LP_LO
6,response incident security network assessment threat security security assessment intel system assessment assessment security response system assessment incident network security threat cyber threat security cyber,,LL_LP_LO,,,,Tactical_Lessons_Learned.csv,Mission_7,,,86bd314f-798e-4aed-954e-de5b1ab17cba,2,,,LL_LP_LO
6,security cyber assessment intel cyber threat cyber incident response response network network cyber security response response system cyber cyber security assessment intel threat system response,,LL_LP_LO,,,,Tactical_Lessons_Learned.csv,Mission_7,,,e8cd322d-d1eb-4554-b009-5c096f63bf07,3,,,LL_LP_LO
6,system response intel assessment threat intel system security response response cyber,,LL_LP_LO,,,,Tactical_Lessons_Learned.csv,Mission_7,,,9f9a8b92-b00d-4701-a0d3-761c9952ec46,4,,,LL_LP_LO
6,network intel incident cyber operation incident intel intel security security assessment operation threat cyber system assessment response assessment operation response operation security intel threat threat,,DOTMLPFP_PAIC2,,,,Tactical_Lessons_Learned.csv,Mission_7,,,e96478e1-3e88-474c-845e-dabc6ed8bde0,1,,,DOTMLPFP_PAIC2
6,threat threat threat intel response operation assessment security security threat response network intel security response threat response network security system operation cyber threat operation threat,,DOTMLPFP_PAIC2,,,,Tactical_Lessons_Learned.csv,Mission_7,,,e0163e67-ee76-41aa-9a88-8973722fbae7,2,,,DOTMLPFP_PAIC2
6,operation threat system system system cyber assessment network assessment cyber incident security intel assessment operation intel response threat threat assessment network threat operation operation operation,,DOTMLPFP_PAIC2,,,,Tactical_Lessons_Learned.csv,Mission_7,,,a700ced1-2f63-4096-ac37-25569069e4ce,3,,,DOTMLPFP_PAIC2
6,operation operation security threat intel operation intel response security network incident,,DOTMLPFP_PAIC2,,,,Tactical_Lessons_Learned.csv,Mission_7,,,62bf6a33-77ef-4b16-8fb2-2609551e97d8,4,,,DOTMLPFP_PAIC2
6,intel incident security system system operation network network cyber security cyber operation security assessment cyber threat operation operation threat operation cyber response operation system operation,,Big_Rocks,,,,Tactical_Lessons_Learned.csv,Mission_7,,,3d9ee583-b443-4b2a-985e-1408b47921cd,1,,,Big_Rocks
6,system operation security incident assessment incident response operation cyber cyber intel assessment assessment operation security incident cyber incident threat system response operation cyber system response,,Big_Rocks,,,,Tactical_Lessons_Learned.csv,Mission_7,,,fb6f9a27-3b08-4119-b609-eca2b35c1b0f,2,,,Big_Rocks
6,system response response threat operation assessment network system response intel assessment incident system incident network system operation intel assessment incident incident network security security intel,,Big_Rocks,,,,Tactical_Lessons_Learned.csv,Mission_7,,,54a6b833-d286-4cdd-a571-cec81ed7f035,3,,,Big_Rocks
6,security intel response assessment system incident system assessment network intel operation,,Big_Rocks,,,,Tactical_Lessons_Learned.csv,Mission_7,,,59fe3100-96d0-4522-a4d2-a852ebf86167,4,,,Big_Rocks
7,response incident assessment system network response threat security incident cyber network assessment incident intel operation operation threat assessment system intel response threat threat response cyber,,Debrief_Focus_Point_Problem_Statement,,,,Tactical_Lessons_Learned.csv,Mission_8,,,9f158a5b-cbe8-4870-ab81-ae356afdb066,1,,,Debrief_Focus_Point_Problem_Statement
7,response cyber response network network system network response system operation system threat network system assessment system security assessment assessment response operation assessment system operation incident,,Debrief_Focus_Point_Problem_Statement,,,,Tactical_Lessons_Learned.csv,Mission_8,,,34f6d7ad-c802-4b7c-9cb7-b3c07d56c0ad,2,,,Debrief_Focus_Point_Problem_Statement
7,operation incident response threat response response security incident assessment response response intel intel security system assessment cyber security security system cyber assessment response security intel,,Debrief_Focus_Point_Problem_Statement,,,,Tactical_Lessons_Learned.csv,Mission_8,,,12a6661a-fdb3-4012-b1ce-d1ee6fa8e3f6,3,,,Debrief_Focus_Point_Problem_Statement
7,security intel incident cyber incident intel assessment intel intel operation security,,Debrief_Focus_Point_Problem_Statement,,,,Tactical_Lessons_Learned.csv,Mission_8,,,cf6276bf-35f2-4c0f-9832-16bd6ed4cc7e,4,,,Debrief_Focus_Point_Problem_Statement
7,response threat security operation operation system cyber cyber system network incident operation intel response intel security threat response assessment security threat threat operation network response,,Contributing_Factors,,,,Tactical_Lessons_Learned.csv,Mission_8,,,837ccd78-a1ab-463d-bd05-8a31aa6f6607,1,,,Contributing_Factors
7,network response incident security cyber operation cyber incident cyber operation assessment cyber security intel response threat system network threat operation response security response network assessment,,Contributing_Factors,,,,Tactical_Lessons_Learned.csv,Mission_8,,,b5902733-4275-4a59-a0c2-ece0e85df745,2,,,Contributing_Factors
7,network assessment network cyber security assessment cyber security security intel operation threat cyber incident system assessment cyber cyber intel network threat assessment security response incident,,Contributing_Factors,,,,Tactical_Lessons_Learned.csv,Mission_8,,,fd2271f0-8121-4b7c-ae12-ede7bc4b73fb,3,,,Contributing_Factors
7,response incident cyber network system security cyber threat system security intel,,Contributing_Factors,,,,Tactical_Lessons_Learned.csv,Mission_8,,,620fb410-1268-4d5e-af16-0622d6bf88ce,4,,,Contributing_Factors
7,assessment network assessment incident intel assessment cyber assessment operation intel security operation cyber incident intel network assessment intel security security response cyber cyber network assessment,,Root_Cause,,,,Tactical_Lessons_Learned.csv,Mission_8,,,ac6027d9-2d3e-43c6-a7b8-61d4b8b8d727,1,,,Root_Cause
7,network assessment operation network security cyber threat security response response assessment cyber threat network security threat security incident system system intel operation assessment cyber intel,,Root_Cause,,,,Tactical_Lessons_Learned.csv,Mission_8,,,51c213d6-5303-4c3f-a643-cc1a38324b1e,2,,,Root_Cause
7,cyber intel security system operation assessment intel system intel cyber incident incident system security assessment security assessment security system intel cyber incident threat incident intel,,Root_Cause,,,,Tactical_Lessons_Learned.csv,Mission_8,,,c29f900b-3abf-443e-a237-1795b0c00619,3,,,Root_Cause
7,incident intel cyber intel threat cyber system threat system incident incident,,Root_Cause,,,,Tactical_Lessons_Learned.csv,Mission_8,,,9fe448a1-2566-4e96-8f88-fb6ec6c584b4,4,,,Root_Cause
7,security incident security cyber network response incident operation network operation security response security assessment threat intel threat system assessment threat incident security intel response incident,,Instructional_Fix,,,,Tactical_Lessons_Learned.csv,Mission_8,,,bd2b6b30-c83d-4e1d-ad49-26d16e10880a,1,,,Instructional_Fix
7,response incident security security network response cyber network incident response network security intel security system operation assessment system network operation intel intel security threat system,,Instructional_Fix,,,,Tactical_Lessons_Learned.csv,Mission_8,,,82367aed-a849-436f-9155-58dabecb4106,2,,,Instructional_Fix
7,threat system incident system response security assessment system assessment intel incident cyber intel operation assessment system intel incident security threat response system operation response assessment,,Instructional_Fix,,,,Tactical_Lessons_Learned.csv,Mission_8,,,6c773edd-9c5d-4fbc-8c2e-4b2f38dda8f8,3,,,Instructional_Fix
7,response assessment incident system operation network incident security security network incident,,Instructional_Fix,,,,Tactical_Lessons_Learned.csv,Mission_8,,,032a1268-a37e-452d-aa2e-9228d5995bb4,4,,,Instructional_Fix
7,cyber incident incident threat cyber cyber operation security threat assessment cyber network response security security intel cyber network cyber system threat cyber network incident operation,,LL_LP_LO,,,,Tactical_Lessons_Learned.csv,Mission_8,,,d8f15b31-f4de-4a34-ae50-a81faf79321c,1,,,LL_LP_LO
7,incident operation threat incident operation cyber security incident intel intel system network intel cyber threat intel intel threat intel assessment response cyber response security network,,LL_LP_LO,,,,Tactical_Lessons_Learned.csv,Mission_8,,,f30c8b94-7193-4b80-b5dd-e72657613041,2,,,LL_LP_LO
7,security network response security intel assessment security system response threat operation incident cyber operation network incident intel response response cyber response operation response network response,,LL_LP_LO,,,,Tactical_Lessons_Learned.csv,Mission_8,,,65efee36-edd2-49be-838e-a5b350e43515,3,,,LL_LP_LO
7,network response system response system incident threat intel security assessment network,,LL_LP_LO,,,,Tactical_Lessons_Learned.csv,Mission_8,,,6838b35e-22f6-4eeb-87f0-3033599c0e97,4,,,LL_LP_LO
7,security security threat system network threat system threat response assessment security system response cyber network assessment threat threat incident assessment incident response operation system threat,,DOTMLPFP_PAIC2,,,,Tactical_Lessons_Learned.csv,Mission_8,,,49192959-5437-4a1a-b572-c4a5fe2c3c0f,1,,,DOTMLPFP_PAIC2
7,system threat network operation cyber system threat network response system assessment assessment security cyber intel network network response intel assessment threat threat response response operation,,DOTMLPFP_PAIC2,,,,Tactical_Lessons_Learned.csv,Mission_8,,,56f452ae-3d20-4530-a23b-1fa4ccca4dc2,2,,,DOTMLPFP_PAIC2
7,response operation response intel response system security network operation intel network operation intel network threat threat network cyber network security assessment intel system intel security,,DOTMLPFP_PAIC2,,,,Tactical_Lessons_Learned.csv,Mission_8,,,7231e19d-5eb0-4d9b-8dd1-43b7e888f60b,3,,,DOTMLPFP_PAIC2
7,intel security security threat incident cyber threat cyber network system security,,DOTMLPFP_PAIC2,,,,Tactical_Lessons_Learned.csv,Mission_8,,,768e3f0b-a7a5-406b-bb8a-2c6b64c5076f,4,,,DOTMLPFP_PAIC2
7,operation cyber system threat security incident system incident system threat assessment network response assessment response system incident response assessment security network response system cyber incident,,Big_Rocks,,,,Tactical_Lessons_Learned.csv,Mission_8,,,87b9106e-040f-4b4c-bb3e-ab40e6763747,1,,,Big_Rocks
7,cyber incident threat cyber intel incident intel assessment response system cyber assessment response incident security cyber system operation operation assessment incident security cyber network security,,Big_Rocks,,,,Tactical_Lessons_Learned.csv,Mission_8,,,7c3f986a-aac9-4972-bd16-23a003c3252d,2,,,Big_Rocks
7,network security intel threat network incident system cyber cyber threat response system operation intel response response cyber assessment assessment assessment assessment response response incident security,,Big_Rocks,,,,Tactical_Lessons_Learned.csv,Mission_8,,,7cc086e1-6b5b-4178-94b5-824fb8ffec29,3,,,Big_Rocks
7,incident security security assessment incident threat response incident intel operation assessment,,Big_Rocks,,,,Tactical_Lessons_Learned.csv,Mission_8,,,72375855-ca7d-45e3-b6f2-f9594a2f3dd2,4,,,Big_Rocks
8,cyber operation security system threat assessment incident operation assessment security incident security intel assessment intel operation cyber assessment response intel network response operation operation intel,,Debrief_Focus_Point_Problem_Statement,,,,Tactical_Lessons_Learned.csv,Mission_9,,,b0b773bf-8591-4e82-9781-c7451493510b,1,,,Debrief_Focus_Point_Problem_Statement
8,operation intel intel network response operation security operation incident network incident operation security operation operation threat assessment intel threat intel system security assessment threat system,,Debrief_Focus_Point_Problem_Statement,,,,Tactical_Lessons_Learned.csv,Mission_9,,,ddb7d511-50a0-4277-b1d0-905f14661388,2,,,Debrief_Focus_Point_Problem_Statement
8,threat system cyber incident response assessment threat response response response operation security network system assessment security cyber operation response operation cyber response network system operation,,Debrief_Focus_Point_Problem_Statement,,,,Tactical_Lessons_Learned.csv,Mission_9,,,a8c2ec89-fdeb-47c4-9404-7758150ff993,3,,,Debrief_Focus_Point_Problem_Statement
8,system operation system operation incident system cyber network cyber intel response,,Debrief_Focus_Point_Problem_Statement,,,,Tactical_Lessons_Learned.csv,Mission_9,,,45ed8cae-13c6-4b5a-a6f7-68d5cb9fc4f0,4,,,Debrief_Focus_Point_Problem_Statement
8,incident system cyber security response incident cyber assessment cyber system intel intel assessment security operation incident response incident incident network response system incident threat security,,Contributing_Factors,,,,Tactical_Lessons_Learned.csv,Mission_9,,,dcab9cfd-8558-44de-ae2a-1825ceba6759,1,,,Contributing_Factors
8,threat security response network intel assessment operation network network incident intel assessment cyber security network response threat incident intel assessment incident security operation intel response,,Contributing_Factors,,,,Tactical_Lessons_Learned.csv,Mission_9,,,e52ef600-6972-411f-9304-0a65a9186ed1,2,,,Contributing_Factors
8,intel response cyber cyber response cyber security threat incident network threat response intel incident system operation security cyber response cyber intel intel system assessment incident,,Contributing_Factors,,,,Tactical_Lessons_Learned.csv,Mission_9,,,74ec55dc-1eb1-4baa-befa-fc0da2098fe2,3,,,Contributing_Factors
8,assessment incident system security system operation response threat system system assessment,,Contributing_Factors,,,,Tactical_Lessons_Learned.csv,Mission_9,,,70f89057-f370-48e7-b93e-27323060bcb9,4,,,Contributing_Factors
8,operation system incident response threat intel system response intel operation response intel security cyber threat system cyber network incident cyber assessment system network threat intel,,Root_Cause,,,,Tactical_Lessons_Learned.csv,Mission_9,,,b96fa609-c688-406a-9b86-5f3a065f96ca,1,,,Root_Cause
8,threat intel threat assessment intel operation security assessment assessment incident response intel incident assessment cyber system operation cyber incident network assessment threat operation network security,,Root_Cause,,,,Tactical_Lessons_Learned.csv,Mission_9,,,88ce2197-415e-4fb4-b36e-12e8580847c6,2,,,Root_Cause
8,network security system threat threat system response intel system security security threat security system system threat network cyber network security intel operation threat cyber response,,Root_Cause,,,,Tactical_Lessons_Learned.csv,Mission_9,,,b9755b95-4751-4c72-8e5a-503c3f8d5965,3,,,Root_Cause
8,cyber response response security security intel incident security cyber network threat,,Root_Cause,,,,Tactical_Lessons_Learned.csv,Mission_9,,,0b687447-a0cc-4484-a0fb-6dc8f1a4b01c,4,,,Root_Cause
8,intel security threat cyber response intel incident security threat system incident incident threat assessment incident cyber response incident assessment incident security threat cyber response intel,,Instructional_Fix,,,,Tactical_Lessons_Learned.csv,Mission_9,,,9edac80c-45d7-44a8-a86d-f6fcdf1ae637,1,,,Instructional_Fix
8,response intel threat threat system security threat network assessment response incident security incident operation security system intel cyber cyber cyber threat security cyber network network,,Instructional_Fix,,,,Tactical_Lessons_Learned.csv,Mission_9,,,fb632b49-22d0-40fe-bef4-fc86413350dd,2,,,Instructional_Fix
8,network network response operation incident assessment threat incident assessment network intel system intel threat assessment network operation system security response incident operation security threat system,,Instructional_Fix,,,,Tactical_Lessons_Learned.csv,Mission_9,,,f74a92c9-d489-4cc3-83cf-5ff194818a93,3,,,Instructional_Fix
8,threat system operation assessment operation security security intel response operation cyber,,Instructional_Fix,,,,Tactical_Lessons_Learned.csv,Mission_9,,,249a90c7-a9c5-42e4-aecf-8820862bebfb,4,,,Instructional_Fix
8,operation network cyber cyber network cyber network incident security response cyber threat system intel cyber network security security network incident assessment response network cyber assessment,,LL_LP_LO,,,,Tactical_Lessons_Learned.csv,Mission_9,,,f31c7ab6-ce8d-4533-ad22-2f659faf4455,1,,,LL_LP_LO
8,cyber assessment system system security security threat network security system security assessment response intel cyber cyber security network system intel response network network threat response,,LL_LP_LO,,,,Tactical_Lessons_Learned.csv,Mission_9,,,f7b7503e-4525-4872-9fa5-4ea406d37c57,2,,,LL_LP_LO
8,threat response threat threat assessment response cyber cyber assessment operation system security security response threat operation network cyber operation network assessment operation intel system security,,LL_LP_LO,,,,Tactical_Lessons_Learned.csv,Mission_9,,,aafa2f95-6f75-4382-b03f-435126c8d185,3,,,LL_LP_LO
8,system security assessment security system response intel operation cyber system response,,LL_LP_LO,,,,Tactical_Lessons_Learned.csv,Mission_9,,,74ec1de5-26d8-4ded-84db-31c9ed2c6144,4,,,LL_LP_LO
8,network cyber response incident intel response intel assessment assessment response network incident system system threat operation network incident operation network operation threat intel network response,,DOTMLPFP_PAIC2,,,,Tactical_Lessons_Learned.csv,Mission_9,,,e4140f70-42b8-4830-ac17-accc7735c6f7,1,,,DOTMLPFP_PAIC2
8,network response operation assessment cyber operation system response threat threat response network security network threat incident assessment network cyber threat system response response assessment system,,DOTMLPFP_PAIC2,,,,Tactical_Lessons_Learned.csv,Mission_9,,,545f8cb9-6f91-4a66-9780-015b66a1a86d,2,,,DOTMLPFP_PAIC2
8,assessment system assessment response cyber operation network response incident threat cyber threat cyber operation threat operation security system threat security assessment network incident operation threat,,DOTMLPFP_PAIC2,,,,Tactical_Lessons_Learned.csv,Mission_9,,,9aa2becc-a2a0-4d77-9818-5f90750b6dcd,3,,,DOTMLPFP_PAIC2
8,operation threat incident response intel response security operation assessment operation response,,DOTMLPFP_PAIC2,,,,Tactical_Lessons_Learned.csv,Mission_9,,,b743814f-1b83-4a06-94e2-00affb617bde,4,,,DOTMLPFP_PAIC2
8,threat threat system security cyber network cyber cyber threat cyber security cyber system network operation cyber assessment security response security security incident threat cyber system,,Big_Rocks,,,,Tactical_Lessons_Learned.csv,Mission_9,,,ed22490e-0181-4276-9b65-a3b01aab1da5,1,,,Big_Rocks
8,cyber system response cyber cyber response threat response cyber assessment threat system assessment response system assessment incident network response incident intel network system operation cyber,,Big_Rocks,,,,Tactical_Lessons_Learned.csv,Mission_9,,,7ae60a93-e500-4f27-b39c-cde26d3bc147,2,,,Big_Rocks
8,operation cyber network security incident response system cyber operation incident threat security network assessment assessment intel incident security cyber response intel network incident system threat,,Big_Rocks,,,,Tactical_Lessons_Learned.csv,Mission_9,,,713ac76b-64f9-4b78-b9fa-b0cbb001f8c2,3,,,Big_Rocks
8,system threat security incident security security intel response operation cyber intel,,Big_Rocks,,,,Tactical_Lessons_Learned.csv,Mission_9,,,3646339d-70d5-4f05-8557-28eb0ade9317,4,,,Big_Rocks
9,cyber intel operation security assessment security operation incident incident intel threat cyber cyber assessment security assessment incident cyber incident network network response threat security security,,Debrief_Focus_Point_Problem_Statement,,,,Tactical_Lessons_Learned.csv,Mission_10,,,24088a58-de71-41ba-b776-f5d2599e76ce,1,,,Debrief_Focus_Point_Problem_Statement
9,security security security incident operation security operation threat assessment operation incident threat intel cyber operation intel operation assessment security threat threat operation network cyber security,,Debrief_Focus_Point_Problem_Statement,,,,Tactical_Lessons_Learned.csv,Mission_10,,,ca9de64e-6588-4bb7-9e6a-35cd47f5e36b,2,,,Debrief_Focus_Point_Problem_Statement
9,cyber security cyber assessment threat assessment cyber cyber intel network threat threat security assessment response threat assessment operation network network security cyber assessment network response,,Debrief_Focus_Point_Problem_Statement,,,,Tactical_Lessons_Learned.csv,Mission_10,,,644cdc06-4365-4238-b91c-c57d69b5211f,3,,,Debrief_Focus_Point_Problem_Statement
9,network response intel system assessment network network threat security system response,,Debrief_Focus_Point_Problem_Statement,,,,Tactical_Lessons_Learned.csv,Mission_10,,,9ef4eb16-e70f-4d85-98e9-db570fb64e8f,4,,,Debrief_Focus_Point_Problem_Statement
9,cyber system incident response operation response intel incident security assessment cyber security assessment threat incident incident security operation operation response system network operation intel threat,,Contributing_Factors,,,,Tactical_Lessons_Learned.csv,Mission_10,,,9aeb1c52-7818-40c1-9e66-b1b38b92806b,1,,,Contributing_Factors
9,intel threat security intel incident threat system assessment network security cyber security operation intel operation security threat network cyber operation threat operation network intel incident,,Contributing_Factors,,,,Tactical_Lessons_Learned.csv,Mission_10,,,5a5df46c-3da6-42a6-bfb6-f619c8ccaeaf,2,,,Contributing_Factors
9,intel incident intel network response response network response assessment system system threat threat network intel system assessment incident system intel incident intel network system operation,,Contributing_Factors,,,,Tactical_Lessons_Learned.csv,Mission_10,,,0f127ae5-28c2-4496-a3e6-ad5c1702ec16,3,,,Contributing_Factors
9,system operation threat operation cyber cyber network security intel intel assessment,,Contributing_Factors,,,,Tactical_Lessons_Learned.csv,Mission_10,,,fd4a0a64-930c-44a5-90de-6fff077f8d7d,4,,,Contributing_Factors
9,network operation incident response operation response incident intel operation intel intel cyber response response threat threat network intel system cyber response network incident response response,,Root_Cause,,,,Tactical_Lessons_Learned.csv,Mission_10,,,a6e6817a-f355-4c19-9942-70cf7d840070,1,,,Root_Cause
9,response response threat response assessment cyber intel network threat assessment system system threat cyber system cyber security cyber response network threat system intel response operation,,Root_Cause,,,,Tactical_Lessons_Learned.csv,Mission_10,,,1c1aafdb-bf2b-46d5-938f-5da1605226c1,2,,,Root_Cause
9,response operation system response operation operation incident incident incident operation assessment threat assessment security cyber response network assessment security system incident system security cyber operation,,Root_Cause,,,,Tactical_Lessons_Learned.csv,Mission_10,,,2e1fcbbc-d310-452f-86a7-80dbe0ee363a,3,,,Root_Cause
9,cyber operation system security response cyber assessment system network response incident,,Root_Cause,,,,Tactical_Lessons_Learned.csv,Mission_10,,,0002706c-0b29-4978-b065-b4f8741f89e7,4,,,Root_Cause
9,intel threat threat assessment operation security threat network security operation operation cyber system network cyber security intel threat cyber operation system cyber intel network security,,Instructional_Fix,,,,Tactical_Lessons_Learned.csv,Mission_10,,,28e7c3a1-64dd-4f5a-ad99-c9f712c2de75,1,,,Instructional_Fix
9,network security operation incident incident intel system intel operation intel security operation cyber operation incident assessment intel response cyber threat response cyber intel assessment threat,,Instructional_Fix,,,,Tactical_Lessons_Learned.csv,Mission_10,,,1029f264-7576-4717-a4b9-9a12bfcd8af1,2,,,Instructional_Fix
9,assessment threat security assessment network threat network security intel incident security cyber network system network system cyber network assessment assessment network network system security response,,Instructional_Fix,,,,Tactical_Lessons_Learned.csv,Mission_10,,,12b8eef4-186f-4e69-b219-94b6bc9ba5b6,3,,,Instructional_Fix
9,security response response response intel cyber incident system threat incident assessment,,Instructional_Fix,,,,Tactical_Lessons_Learned.csv,Mission_10,,,2ca425af-5d96-48f9-a88b-aefe5746a7d2,4,,,Instructional_Fix
9,assessment assessment response cyber incident intel assessment cyber system threat incident incident assessment response threat incident cyber network network incident incident assessment response incident operation,,LL_LP_LO,,,,Tactical_Lessons_Learned.csv,Mission_10,,,05a67ae2-cb89-44a6-a77c-4a892f091305,1,,,LL_LP_LO
9,incident operation system incident incident threat cyber response operation network intel system network security security assessment assessment threat response security cyber incident cyber system cyber,,LL_LP_LO,,,,Tactical_Lessons_Learned.csv,Mission_10,,,28b3e19b-8fc6-4faa-9e62-dcdd5ee0ecdd,2,,,LL_LP_LO
9,system cyber incident network network system assessment threat intel incident incident system incident cyber threat response system incident response incident network response threat system cyber,,LL_LP_LO,,,,Tactical_Lessons_Learned.csv,Mission_10,,,dd90e3df-8884-4e95-8f4a-1b2280a2f6cf,3,,,LL_LP_LO
9,system cyber network incident system network security system network assessment threat,,LL_LP_LO,,,,Tactical_Lessons_Learned.csv,Mission_10,,,d9081b09-15d0-4906-9f68-3b4fb27224d7,4,,,LL_LP_LO
9,operation system incident intel cyber security response incident incident assessment security system cyber network threat operation security incident response response intel incident assessment system system,,DOTMLPFP_PAIC2,,,,Tactical_Lessons_Learned.csv,Mission_10,,,5dd5ee5e-7014-4f45-a531-7f0b957b480a,1,,,DOTMLPFP_PAIC2
9,system system cyber threat cyber operation threat response threat operation operation security operation response system assessment network operation assessment system assessment assessment network assessment network,,DOTMLPFP_PAIC2,,,,Tactical_Lessons_Learned.csv,Mission_10,,,654abac0-9585-4465-ab9e-8b497fcec4ea,2,,,DOTMLPFP_PAIC2
9,assessment network cyber network cyber security assessment response incident response cyber system operation incident operation assessment security response cyber intel assessment threat assessment security incident,,DOTMLPFP_PAIC2,,,,Tactical_Lessons_Learned.csv,Mission_10,,,eec1a1e4-c544-4789-8562-74b277ee3605,3,,,DOTMLPFP_PAIC2
9,security incident cyber threat system threat security incident incident intel intel,,DOTMLPFP_PAIC2,,,,Tactical_Lessons_Learned.csv,Mission_10,,,30c1b82f-9476-4b2f-a9e8-904beab5629b,4,,,DOTMLPFP_PAIC2
9,threat network security assessment assessment network security security incident security cyber system incident intel system intel incident incident security incident intel response response assessment intel,,Big_Rocks,,,,Tactical_Lessons_Learned.csv,Mission_10,,,d25262d3-ec87-47fc-a676-5b63bc856f9d,1,,,Big_Rocks
9,assessment intel system response network response operation operation threat incident incident assessment assessment security operation response operation incident incident assessment incident response threat assessment intel,,Big_Rocks,,,,Tactical_Lessons_Learned.csv,Mission_10,,,1f8854a8-072a-4670-9ad9-f156634b8ca8,2,,,Big_Rocks
9,assessment intel security operation system response network intel intel operation response network intel incident security security intel operation security operation assessment response intel incident threat,,Big_Rocks,,,,Tactical_Lessons_Learned.csv,Mission_10,,,2e0fa04e-1487-4d14-a958-64afa000971e,3,,,Big_Rocks
9,incident threat network system network incident network intel security system network,,Big_Rocks,,,,Tactical_Lessons_Learned.csv,Mission_10,,,84cfe138-1197-40e5-b021-8c26b01e543d,4,,,Big_Rocks
0,incident incident incident incident cyber response response response system response security system security system intel security intel security operation threat security intel system operation response,,Hardening Recommendation #231,Low,,Pending,Hardening_Recommendations.csv,Mission_1,,HR001,7964a1e9-fc79-4726-adb2-101b3aa6d3d0,1,System A,,Hardening Recommendation #231
0,operation response response threat cyber threat cyber incident response system operation threat threat threat intel system incident response system operation intel response operation system incident,,Hardening Recommendation #231,Low,,Pending,Hardening_Recommendations.csv,Mission_1,,HR001,d822d765-5277-4e41-a45a-ea18e48a6e59,2,System A,,Hardening Recommendation #231
0,system incident network intel intel cyber operation threat operation operation network response intel system security operation system intel network response assessment threat cyber response system,,Hardening Recommendation #231,Low,,Pending,Hardening_Recommendations.csv,Mission_1,,HR001,90caae80-8757-4c64-bad9-5328647224e0,3,System A,,Hardening Recommendation #231
0,response system operation cyber operation network assessment operation security response response response system threat assessment network security cyber security assessment operation operation security incident incident,,Hardening Recommendation #231,Low,,Pending,Hardening_Recommendations.csv,Mission_1,,HR001,9ab6e7b5-993c-4ea2-a714-09565c720bfd,4,System A,,Hardening Recommendation #231
0,incident incident response intel network intel response threat incident network security system assessment cyber network network system intel network network network system cyber incident system,,Hardening Recommendation #231,Low,,Pending,Hardening_Recommendations.csv,Mission_1,,HR001,d2182dc2-45d1-4360-bb8e-cbf8a0538932,5,System A,,Hardening Recommendation #231
0,incident system system cyber threat,,Hardening Recommendation #231,Low,,Pending,Hardening_Recommendations.csv,Mission_1,,HR001,3f831238-8450-4bff-b7d0-e0426abd66eb,6,System A,,Hardening Recommendation #231
1,intel incident security incident assessment operation security network incident cyber network incident response operation security security operation system security cyber threat assessment network incident cyber,,Hardening Recommendation #231,High,,Rejected,Hardening_Recommendations.csv,Mission_2,,HR002,7dd9e622-3160-4fcb-9bfd-c86cc306f202,1,System C,,Hardening Recommendation #231
1,incident cyber assessment response operation response network intel assessment response intel incident response response response operation cyber system system incident response security security security cyber,,Hardening Recommendation #231,High,,Rejected,Hardening_Recommendations.csv,Mission_2,,HR002,c537c689-8cb2-48b8-8557-602a701528f6,2,System C,,Hardening Recommendation #231
1,security cyber intel intel threat cyber system system security threat assessment threat intel intel assessment assessment response intel intel operation operation system incident cyber response,,Hardening Recommendation #231,High,,Rejected,Hardening_Recommendations.csv,Mission_2,,HR002,14cee37c-f5ad-40b1-80d7-2afa2664374c,3,System C,,Hardening Recommendation #231
1,cyber response network security response response system assessment incident operation security incident response operation cyber assessment security incident incident threat intel assessment network incident threat,,Hardening Recommendation #231,High,,Rejected,Hardening_Recommendations.csv,Mission_2,,HR002,fd2bd04e-b534-4401-a277-2c79d4076614,4,System C,,Hardening Recommendation #231
1,incident threat intel network security system cyber operation cyber system incident operation network threat security cyber security intel threat response network network assessment operation threat,,Hardening Recommendation #231,High,,Rejected,Hardening_Recommendations.csv,Mission_2,,HR002,f19240b6-0da8-4af8-b12d-6dc29cafe65c,5,System C,,Hardening Recommendation #231
1,operation threat cyber security threat,,Hardening Recommendation #231,High,,Rejected,Hardening_Recommendations.csv,Mission_2,,HR002,ed8a4e32-43ff-4b0a-b41c-37eaf9a2515a,6,System C,,Hardening Recommendation #231
2,incident network response assessment security cyber system intel incident security response operation incident incident assessment system network incident incident threat incident threat threat assessment security,,Hardening Recommendation #231,High,,Rejected,Hardening_Recommendations.csv,Mission_3,,HR003,32ef908d-0861-4fac-862b-695c68b6a032,1,System A,,Hardening Recommendation #231
2,assessment security network security cyber incident security network assessment incident system network cyber operation intel intel incident operation network assessment assessment incident operation network threat,,Hardening Recommendation #231,High,,Rejected,Hardening_Recommendations.csv,Mission_3,,HR003,95b28c7d-bb97-4bb3-baa2-c28d8414b6de,2,System A,,Hardening Recommendation #231
2,network threat intel operation security operation threat security system threat intel intel intel threat threat operation intel incident threat intel security assessment cyber threat incident,,Hardening Recommendation #231,High,,Rejected,Hardening_Recommendations.csv,Mission_3,,HR003,e52ea3dd-4692-4f0d-8369-6c60d6425f66,3,System A,,Hardening Recommendation #231
2,threat incident network assessment system cyber intel cyber cyber threat intel assessment network network security intel response security threat incident cyber response incident system network,,Hardening Recommendation #231,High,,Rejected,Hardening_Recommendations.csv,Mission_3,,HR003,b9d0dd96-051b-485d-a474-0a96733b4cb8,4,System A,,Hardening Recommendation #231
2,system network response cyber threat intel assessment operation system security system system response response incident assessment network incident threat intel system response network security security,,Hardening Recommendation #231,High,,Rejected,Hardening_Recommendations.csv,Mission_3,,HR003,a4392cab-3033-4f71-9dc0-3f07051ba2c2,5,System A,,Hardening Recommendation #231
2,security security incident assessment security,,Hardening Recommendation #231,High,,Rejected,Hardening_Recommendations.csv,Mission_3,,HR003,f4fd4453-1d5c-4313-b9ca-94206addf5bc,6,System A,,Hardening Recommendation #231
3,response response system system assessment operation cyber cyber security system security response intel assessment assessment system intel response incident response threat threat assessment system assessment,,Hardening Recommendation #231,High,,Rejected,Hardening_Recommendations.csv,Mission_4,,HR004,75eed487-c707-47a2-a1d4-f25ec0dc7296,1,System C,,Hardening Recommendation #231
3,system assessment response threat assessment response network intel incident response operation system incident intel threat cyber assessment response incident intel response security cyber intel assessment,,Hardening Recommendation #231,High,,Rejected,Hardening_Recommendations.csv,Mission_4,,HR004,15fe0b7c-2119-4997-84e0-02e42acb57e9,2,System C,,Hardening Recommendation #231
3,intel assessment threat network operation system response security assessment response incident security intel operation security incident assessment security cyber system response operation intel intel system,,Hardening Recommendation #231,High,,Rejected,Hardening_Recommendations.csv,Mission_4,,HR004,eae5b056-51e6-4329-9974-2169c7b501bb,3,System C,,Hardening Recommendation #231
3,intel system operation network cyber intel cyber network response network network assessment assessment cyber incident response security threat incident response system security threat incident operation,,Hardening Recommendation #231,High,,Rejected,Hardening_Recommendations.csv,Mission_4,,HR004,c120f932-18d6-4e4b-bc79-18583b02d5dd,4,System C,,Hardening Recommendation #231
3,incident operation threat network system cyber network response operation assessment system assessment network threat network response assessment response response response intel intel network assessment assessment,,Hardening Recommendation #231,High,,Rejected,Hardening_Recommendations.csv,Mission_4,,HR004,4aca4ca2-50bb-4eec-8c6c-ccfc551e34c0,5,System C,,Hardening Recommendation #231
3,assessment assessment security system assessment,,Hardening Recommendation #231,High,,Rejected,Hardening_Recommendations.csv,Mission_4,,HR004,513977a5-d718-49f1-b2d3-69426226d150,6,System C,,Hardening Recommendation #231
4,intel operation security assessment threat security intel cyber incident system response threat threat incident system response response system cyber security intel network security security intel,,Hardening Recommendation #231,Low,,Pending,Hardening_Recommendations.csv,Mission_5,,HR005,836c2512-9c48-4e05-ae33-5bdf07d2b797,1,System A,,Hardening Recommendation #231
4,security intel network assessment assessment response system incident response response incident threat response security assessment operation system incident intel intel system system incident intel response,,Hardening Recommendation #231,Low,,Pending,Hardening_Recommendations.csv,Mission_5,,HR005,7f64008d-83e5-48ad-870c-9f365d7b0a15,2,System A,,Hardening Recommendation #231
4,intel response operation response assessment intel security incident cyber network assessment assessment cyber system cyber intel assessment incident system security system threat network network incident,,Hardening Recommendation #231,Low,,Pending,Hardening_Recommendations.csv,Mission_5,,HR005,a9c4c422-2d7b-45f6-9f8e-109b9932f1db,3,System A,,Hardening Recommendation #231
4,network incident system cyber cyber cyber cyber operation security incident network network assessment response system response assessment operation cyber security system operation system network security,,Hardening Recommendation #231,Low,,Pending,Hardening_Recommendations.csv,Mission_5,,HR005,3eeaddf4-5c5b-4b05-b3d6-c895281e08a4,4,System A,,Hardening Recommendation #231
4,network security network intel cyber operation incident response security cyber system network response threat response intel operation intel network incident threat system response incident response,,Hardening Recommendation #231,Low,,Pending,Hardening_Recommendations.csv,Mission_5,,HR005,b96bc5ba-750f-4ca5-b9b3-70dad88c854c,5,System A,,Hardening Recommendation #231
4,incident response network response operation,,Hardening Recommendation #231,Low,,Pending,Hardening_Recommendations.csv,Mission_5,,HR005,69586849-9f9c-4edd-bc5d-0b9c0609ffcb,6,System A,,Hardening Recommendation #231
5,operation incident security cyber intel threat assessment assessment incident response system operation security response incident assessment intel network operation security threat network response intel cyber,,Hardening Recommendation #231,High,,Pending,Hardening_Recommendations.csv,Mission_6,,HR006,f9d1ac50-6e71-4427-830e-1794ab4b6232,1,System B,,Hardening Recommendation #231
5,intel cyber operation system response assessment intel system threat incident system cyber threat threat assessment security security intel assessment intel system assessment threat security network,,Hardening Recommendation #231,High,,Pending,Hardening_Recommendations.csv,Mission_6,,HR006,e4db591d-e956-461d-9bd6-5d70f9bede5c,2,System B,,Hardening Recommendation #231
5,security network network network intel response security operation operation cyber system cyber incident network response incident operation intel response operation cyber assessment system operation cyber,,Hardening Recommendation #231,High,,Pending,Hardening_Recommendations.csv,Mission_6,,HR006,60456f84-9718-45b4-af6b-0433b2810b5e,3,System B,,Hardening Recommendation #231
5,operation cyber cyber network operation response threat cyber network security assessment cyber operation security threat security threat system operation operation network response system response network,,Hardening Recommendation #231,High,,Pending,Hardening_Recommendations.csv,Mission_6,,HR006,e3733011-a180-4704-82ad-b1e82c24e2e2,4,System B,,Hardening Recommendation #231
5,response network security intel operation security security threat operation response network network threat intel assessment security cyber operation network response cyber cyber network operation security,,Hardening Recommendation #231,High,,Pending,Hardening_Recommendations.csv,Mission_6,,HR006,e62c464b-b952-4812-9ba6-9239cd47adfd,5,System B,,Hardening Recommendation #231
5,operation security incident cyber cyber,,Hardening Recommendation #231,High,,Pending,Hardening_Recommendations.csv,Mission_6,,HR006,82904b57-c5dd-493e-9b79-081e9718e60d,6,System B,,Hardening Recommendation #231
6,threat assessment security threat security operation cyber system threat incident operation operation system threat response system incident response assessment incident threat incident assessment assessment threat,,Hardening Recommendation #231,Medium,,Pending,Hardening_Recommendations.csv,Mission_7,,HR007,3b83948f-b550-4597-aca2-b16a6a7221d9,1,System B,,Hardening Recommendation #231
6,assessment threat cyber threat security threat operation threat cyber system cyber system incident intel network threat network cyber intel security cyber cyber response security network,,Hardening Recommendation #231,Medium,,Pending,Hardening_Recommendations.csv,Mission_7,,HR007,2c85589a-4daf-43da-8e22-e6c3289cf049,2,System B,,Hardening Recommendation #231
6,security network cyber security system intel intel threat intel threat cyber threat network response intel assessment threat system cyber network network response network operation operation,,Hardening Recommendation #231,Medium,,Pending,Hardening_Recommendations.csv,Mission_7,,HR007,528b5c3e-263e-45db-a8ed-3b60671bba85,3,System B,,Hardening Recommendation #231
6,operation operation incident network operation assessment operation response security security cyber intel security incident threat threat threat response intel incident response threat incident system system,,Hardening Recommendation #231,Medium,,Pending,Hardening_Recommendations.csv,Mission_7,,HR007,9dacddf6-f83e-42a0-98f7-7b61a073ac87,4,System B,,Hardening Recommendation #231
6,system system response network assessment cyber assessment operation system cyber security network cyber assessment threat system cyber operation network incident cyber network security system intel,,Hardening Recommendation #231,Medium,,Pending,Hardening_Recommendations.csv,Mission_7,,HR007,f09aea2c-b305-498c-8eff-4485593410c8,5,System B,,Hardening Recommendation #231
6,system intel assessment incident response,,Hardening Recommendation #231,Medium,,Pending,Hardening_Recommendations.csv,Mission_7,,HR007,aaea98d5-2692-44f2-a206-101930d1d482,6,System B,,Hardening Recommendation #231
7,intel response intel response threat cyber operation operation assessment security network assessment system intel intel security security cyber cyber assessment network network network threat incident,,Hardening Recommendation #231,High,,Pending,Hardening_Recommendations.csv,Mission_8,,HR008,1835f81e-0421-41e6-9779-f955acf590bc,1,System C,,Hardening Recommendation #231
7,threat incident cyber incident threat response incident intel intel incident incident threat operation network security threat intel cyber operation assessment system incident network incident incident,,Hardening Recommendation #231,High,,Pending,Hardening_Recommendations.csv,Mission_8,,HR008,bd3d3235-43f3-4721-b505-88c852ff6a85,2,System C,,Hardening Recommendation #231
7,incident incident operation assessment assessment network intel threat system response operation network cyber network network threat system response intel security threat threat response network system,,Hardening Recommendation #231,High,,Pending,Hardening_Recommendations.csv,Mission_8,,HR008,dd65e2c1-e2c9-42f4-a272-56146dc0311a,3,System C,,Hardening Recommendation #231
7,network system threat operation response incident security cyber assessment security cyber network intel security assessment system response operation response threat intel operation assessment cyber system,,Hardening Recommendation #231,High,,Pending,Hardening_Recommendations.csv,Mission_8,,HR008,de965b25-ca44-4589-89d0-d0f6c96ec2b3,4,System C,,Hardening Recommendation #231
7,cyber system network network operation threat security system cyber system intel assessment assessment intel incident security system network operation threat network response security response intel,,Hardening Recommendation #231,High,,Pending,Hardening_Recommendations.csv,Mission_8,,HR008,fd330130-e360-4d64-931c-5490a364e30b,5,System C,,Hardening Recommendation #231
7,response intel security assessment network,,Hardening Recommendation #231,High,,Pending,Hardening_Recommendations.csv,Mission_8,,HR008,c16f9a46-a26b-46da-97a1-658b4d1c8749,6,System C,,Hardening Recommendation #231
8,incident operation incident response threat threat intel response assessment security operation cyber system threat response intel intel intel network threat assessment cyber threat intel assessment,,Hardening Recommendation #231,Medium,,Implemented,Hardening_Recommendations.csv,Mission_9,,HR009,0e451638-8f32-427f-ae1d-c2fb7586c12b,1,System B,,Hardening Recommendation #231
8,intel assessment intel security cyber cyber incident assessment threat incident operation security network network incident assessment response intel operation operation security security incident security operation,,Hardening Recommendation #231,Medium,,Implemented,Hardening_Recommendations.csv,Mission_9,,HR009,85e4aeb8-111d-48e7-a791-636cf81ad5bf,2,System B,,Hardening Recommendation #231
8,security operation incident cyber security intel system assessment threat threat network system network intel threat security network threat threat response intel operation intel assessment system,,Hardening Recommendation #231,Medium,,Implemented,Hardening_Recommendations.csv,Mission_9,,HR009,bd036a43-9759-42ce-ae94-a3eebbe2952b,3,System B,,Hardening Recommendation #231
8,assessment system incident incident incident cyber security response incident intel incident network operation system intel system threat network threat assessment response intel intel system response,,Hardening Recommendation #231,Medium,,Implemented,Hardening_Recommendations.csv,Mission_9,,HR009,5706616b-2ce9-427d-8c42-536691c98930,4,System B,,Hardening Recommendation #231
8,system response security intel security cyber threat operation intel incident system threat operation intel threat intel assessment security assessment incident response incident threat intel security,,Hardening Recommendation #231,Medium,,Implemented,Hardening_Recommendations.csv,Mission_9,,HR009,c3af8195-2068-4ff1-b55d-33cdb6bad144,5,System B,,Hardening Recommendation #231
8,intel security network network intel,,Hardening Recommendation #231,Medium,,Implemented,Hardening_Recommendations.csv,Mission_9,,HR009,791b70a6-cf0a-4b12-873f-aa724a95e007,6,System B,,Hardening Recommendation #231
9,network operation intel network cyber network response network threat incident network response assessment network security operation cyber intel intel operation response network system response operation,,Hardening Recommendation #231,Medium,,Rejected,Hardening_Recommendations.csv,Mission_10,,HR010,22bec5d2-4cdc-4a78-a70c-3a31bfd79039,1,System C,,Hardening Recommendation #231
9,response operation system security threat intel assessment network operation intel response security threat threat operation cyber response network operation network assessment assessment response intel incident,,Hardening Recommendation #231,Medium,,Rejected,Hardening_Recommendations.csv,Mission_10,,HR010,7279a46a-528c-4635-8885-1681db49515a,2,System C,,Hardening Recommendation #231
9,intel incident security assessment network threat threat intel network operation threat incident threat operation security network cyber assessment assessment incident intel system system threat network,,Hardening Recommendation #231,Medium,,Rejected,Hardening_Recommendations.csv,Mission_10,,HR010,f65bc694-df66-47ca-a9ff-3050d69f8ba7,3,System C,,Hardening Recommendation #231
9,threat network network cyber assessment system response cyber security security response assessment security system security threat network response threat network security assessment operation operation incident,,Hardening Recommendation #231,Medium,,Rejected,Hardening_Recommendations.csv,Mission_10,,HR010,e577a9ff-0c7c-4e5a-901b-3c9859cdfedd,4,System C,,Hardening Recommendation #231
9,operation incident security assessment security operation threat system cyber intel system cyber operation threat response threat security assessment security threat intel incident cyber cyber incident,,Hardening Recommendation #231,Medium,,Rejected,Hardening_Recommendations.csv,Mission_10,,HR010,170c476a-1165-48a5-b9e2-6a648e95fb85,5,System C,,Hardening Recommendation #231
9,cyber incident response cyber cyber,,Hardening Recommendation #231,Medium,,Rejected,Hardening_Recommendations.csv,Mission_10,,HR010,cdecac7e-c592-497c-9286-8e5348467ca2,6,System C,,Hardening Recommendation #231
